00494648-ee5e-4512-b35d-4c220af3483d,anxiety ask attached baby biddy body boy breathe build ceiling choose closer control crazy deep die feel feeling grab guess head hear heart heel high jump know like listen look love mind need new pull right stop tell telling think told touching true waist way won
01361dcf-80a4-4bb8-a496-820ab0722d35,arrive ask august away bone bye change chase close corrodes cruel early evening far feeling felt finger forget girl give heat high hitchhiking hurry journey know liar life like local love low moon night paid people premise promise realize rock sad saw scent sea shaman shatters skin stay swim train trouble water way world wrong
02128798-e14a-46b0-97c9-25356acc82f0,ask boyfriend bullshit bundle ex fell give grunt jealousy kiss love messy month mouth night passing poor talk taught think yummy
032b0ddd-b772-4ded-8f88-77adf726fda8,anymore break care change climb dropped fall future give hate hit hold house know language living mom need proud rise said savage speak talking think won
0381f89d-3f06-4d4a-b8cb-3fb0a13b31b7,bed blame break breaking come dark darkness drink face fading falling feel hear heart home light like little lost love need night rhythm river rolling share spirit swear tear used work
05bcfa3d-f18e-4451-b421-2e9212a032ff,account application area aside asked bag balance ball bitch bra brother cart change child clear college come count customer damage distribute double earth eat enemy fat fitness flying fuck gangster ghetto good grab growl hater horse kill know later leave lie life like lion look match minimum minute money nerve noodle notice original pack passport people plan pole press protection psychopath push quality rapper rejected request rest roll scruple shake sheet shop shout slut son spicy stage state steak stomach table talk teacher tell throat wage waiter world written
065a27f2-cfd7-4ea9-8f94-377797a5b6b5,afar anymore bad bedroom bridge cell color come cool doubt embrace horny hot hug invade leave live look love loving panic phone photo room screen seeing stand stay tight time warm
0727a1f0-ec6f-4d55-94cb-1635fe47681c,baggage bitch black car cartridge cash cause chain checked chi city claim company cookie cool copy cream dance depart diamond drip false feed feel fight fishtail fresh fuck game gang gangland girl glazed grape hand hangman hard hit ice icy imitate jolly kick kind life lift like little lot love ma man middleman moccasin money neck new overseas pace pan park parking pimp plate pocket popcorn pretty profit project pronounce rack rain rang real rich ride scream shell shit shotgun shower sit slide slow spark spray stack stick straight style suck talk tan target taste team town walk wallet watch water way worldwide wraith wrong
081bc791-8b27-43c2-8039-05b0b98a7595,ask away baby barely base bat bed big bite body class come continue crazy daddy damn dance drive felt focus fruit give given hold homer kiss know like look lose map missing need night party people princess ring rock route scare smell stay stop strength swear thinking touch treat upset way wild woman
085eed24-4ca3-4677-981c-49c159420ff1,beat change counting cut harmony hear heart hit key lost love melody need night note play reason sing smile sweet use
0a27f6af-d10a-46f1-ad67-b8dfde0e10f3,arrive ask away baby bad calm closer drop eye fall flex gal goodnight high king know lie long looking love lover matter moon night ovum pull push rain resist return roll said sea sex sleep special storm strong summer sunny tell think time wind winter
0ae1f734-a955-445f-bc58-ac392a028a85,afraid anymore brain cause come door dress easily eye game giving good heard holding hope kind know known like looking love lying overdosed reason right shame talk think tight time used way wearing wonder wrong
0b0253fd-c052-4acf-9b07-b625bab99458,accelerates accommodates adrenaline arrived beauty begin burning care continue control corner crazy dance danced dancing delicacy dominates drive end engineer enjoy excuse eye fashionable flow follow give head know leave left like looking ma machine mess miss mommy monotony music night oil power problem rhythm rumbling shake solves stick stop tell think time traveling weekend woman world
0c5c8979-4ad7-43fa-9e9c-22265654167a,argue baby beat catch complaining compromise confusing day end happy head heart indecisive know leaving left love mind night nod overprotective point preaching right running said start tell time turn win won
0cecf165-db08-4e85-b62f-69030d9bf64e,anxiety arrive asking attitude baby body briefcase clan clandestine closer continue couple crazy dark deny destiny disease door eat entertain escaping falling felt flower flying forbidden forget friend fruit giving hugging illegal increase kill kiss kissing know leave light like longer look love mistake mouth need open pay people problem restaurant rumor sentence shut stole stop suit tell think thought understand
0d7b6ed8-8e98-4e6e-9a80-d7f89c801e9e,autumn cloud come crazy darkness disappeared dream driving expel eye falling follow heart insane kiss leaf life love memory met night pain putt rain remember retreat spring stay turn wake walking world
0efcc725-8226-4d49-a18b-24ed1fb50d03,affection affectionate air beware block boy bridge come crazy creepy dangerous delicious difficult ended feel finish give good hamper hot house husband know leave life lost love married naughty premise presence pretty rascal said scratching slowly snap spent stubborn teasing tell telling touch treat worst yummy
0fa62ef1-70a4-4e8a-8faf-82599f67c592,arrive believe change collection commits dance date decided disappointment dressed end eternal ex expiration fixing glance happy leave life lived love madness passion penetrating promise safe sip story time tired watch worth
0fbf699e-d23c-4354-a951-9cd429f22502,away ball balloon bank big bitch block blood blouse blow break busy chick cocky coke come day deal drama exam fan father fine float flowing goon hater head hot hotter ice jeweler know laugh license life like line look maid man men mobile mom need neighborhood new nigger open paper party photo plate play prison prove purple push pushed pussy rap real recognize red right run rust scour shit sleep smart spend stack steel strapped street stress stuck stunt style succeed tease tent touch traitor walk walking watch wife wine
1172db5d-8c13-4580-ab8f-50e272baab99,affecting ash away beautiful bright cape cloud curve dawn day draw end erase far floating haven heartbeat horizon like little look looking matter miss passing red stop think thinking thought time understand wait watching white won worried
13db0134-70c5-4824-b951-0af406513d55,able alright answer awakened bad boredom bright change changing come dash dealing definitely dream encounter end excitement firm flying foot future give goal hand hear heart heave ho insignificant interesting know later laugh lost notice playing proving regret right search shining small start started step sun sunshine telling time trigger true truly unreasonable wonder
1461386a-05c5-48d7-bea4-9f958b7aef19,bad beat bit black boll buddy chain companion cried dame dance darling den drink friend gab gangster geld give gold goth hard hat hope know like little long love pare party perfect private sex sexy slow snap sound trace weekend wine yard
14b6f3f5-84a8-491b-a711-b17f6361a06d,art babe baby bed bout care cloud comment company count dance dirt ease excuse foot forget freak game ghetto give goddess good hello hurt hush ignorance interesting kiss know lady learn lighter like little lot love manner meet mind nice night play room skirt talk tell tie time transform turn work
163c7a13-d75f-484c-89bb-f26584166b64,bet choice completely conscious crazy dirty god hand happiness happy imagining impatient inconsequential know lacking looking messing mind mistreat notice people play putting sick supposed surprising way weakness wrong
16e3120a-e083-40a2-b4b0-924f0da0bbcb,abyss baby bother case come coming digger dream dust easy eclipse enemy fall fallen feed feel feeling field fight flipping girl give goodbye grave hand heart hope kick kid leaf leave left like little living love mama mouth need peace rebel shelf sitter stop think time wait wall war won
177b8788-23dc-4ae1-98e1-0e7fede3ad7d,anymore apart away believe casual come cried day fact far feel finally forever forget future gentleness hand happiness haven hope journey lie like meet moment overlapping pay precious reach real realized sadness separated smiling spend stand standing step suffers sunflower supposed sure talking tell useless walk warmth wave way won
1893f5ee-9cb6-4769-9ea9-d03b7d57c518,away best bridge city clear cold collection come contrast curly different exactly far fat give giving hair hard heard heat ice inside know like long lost message moving night phone place play playing prove space start straight stuff think time worth
1a4cb60d-4ffb-41eb-b931-a24c0e10862b,abjured afraid age beautiful big bridge cloud dawn dream emotion eternal eye fear feather fortune frame fun goodbye haze head height landscape life lift look moon natural note passing past people pleased point push refrain salt sky story think thought time turning
1aaac724-8278-4fff-b42c-abe9a10ec9f0,body change chest closer come day face far fell forget forgot gaze hang heart home hug indecision kiss know life like living look losing love moon need paradise quit song star talk tell thinking tightened tightness truth
1b59580a-58f5-4129-9945-d9ffa0944d65,answer ask bell breeze cold cool couple day different end eve everyday feel floating give glad good hate hear heart help hurt jealous kind know laughing like long looking love met miss missing nose people person playful present public realized red reindeer repeat repeated ringing song sparkling star strangely surely tell think thinking thought town unfamiliar wearing wonder
1c679abc-2ca9-43b9-83f5-6ac1a15b4ef4,alive alright away bit body bride circle drive eye feel fine forever fucking girl god hand happy hit incredible know lay like look lose man mind night precious rainy right round running shine smile star swear tell time turn waste wild
1e0bfcdb-47b1-4d3b-a66d-4cb75362de58,add afraid ask asking bad bread bridge change coffer crumb desire dispute dude end fast foot forget free friend hell hit home know leave like little love message missing morning new notice password pen picture piss ridiculous right roof room sit sketch skirt sleep start study time trade understand way weight wrong
217a444b-03ec-4782-b7a8-7e7fe1059730,baby body cause choose cool dawn dusk fall feel fit give hold inside jacket light like love rapid right roll room run shut sin stop sunrise tell touch wave wind window wrong
23e6668c-ec6e-47cf-af01-a3e65616bc14,abuse ask away blasphemy brain bust certain change check come day deal docked door forget friend grenade gun hand heathen intention issue knew know like look loved mention murderer newcomer outsider people psychopath ready room said sitting slow smell stay stayed think tried trust wait warn watch weird welcome
253ae3a7-e42a-499f-b089-eae383f2b247,blame blue bow butt cause cover face fast feather fit glittery grab help hotel know lick like love magazine mud net new nice pleasure pretty radio right sea sell shake shoe slither star swim thigh tie war wet work wrong yellow
261c9832-aa85-4806-9e68-35dd00ddeb99,air ammonia angel animal away bad beautiful beer bleed brain caught centime claw cut dark degree desert devil drop drunk exist eye fade family faster feeling filth flower forget forgive fuck fucked fucking give god grow happy heart home hot hunger hurting inch invited jungle lack life like little live lose love madness man moon note opinion opposite paranoia passionately race random raven reach regret release replace replaces respect return rooster sad savage sentence shoot short sick soul story sun talking think time turn understanding valley vision waited world
26682292-e796-4641-8f89-2d7515f40267,block bother bottle bring bum bus chance come door drop exactly flex fucked gold gun hot immediately injured know life like look low mouth nice night open past pasta pull shorty sing sit slow splash spray stupid tell think treasure wait waiting way
2735699f-d1f7-44fa-b416-04b2e77c25fc,ballad bathroom class cried drink earlier easier face filling forgotten give guess heart kiss leave live mouth phone ready run said stay
276f09f1-51c7-409b-9ecf-d44caaf3c3ff,away bye changing chest come cuddled cup day enclosed exchange eye feel forever good happy hit hurt kiss kissed like lonely looking love loved matter meet morning near overflowing painful people pillow reason reborn recall return ring rise said scratching sheet sleep smile sound stroke sun suppose table tear time turned voice warm warmth
280bfc76-67c0-43f7-aea2-aea4644cb7c7,acting baby bye childhood cover cup dancing day drinking fast feather fell forever forward friend grownup guess hit hold holding hood kissed light like lip love lover lung mustang need old paint picture plastic present problem remember ride sang singing song summer time true wood young
287f5579-3603-462f-930d-71a255b2182e,cause come different door dream end escape fate fear feel fine forever inspire journey know life like lost moment place pretend stopped time true worried
28b4641b-c88a-4708-9fdd-f7f004591729,day dressed girl great happy hello holiday like long lucky mama mite motto party ready shine sky summer sun sunshine weather
296c5647-d3f9-48d4-8d1c-81a02825a272,able believe blurry bounded cared closet cope darling day dear decision destiny dress envious exhausted eye fateful fleeting fog forever future gap gather glass good hand happiness hard holding home husband imagine interaction kind know late living loneliness long lost love loved marry missed near prettiest refused sadness step stopped street stubbornness survive tied time true unfamiliar waiting walking woman
2d4eb988-a48e-443e-ad4c-56e85160568c,act actually admit agonizing annual autumn away circle closely company compassionate contrary counting dawn departing drawn dusk earnestly encounter eternal expectation fantasized fated fingerprint form frigid growth hatred heart hidden impressed incoming kiss left like lip luck lush matter night numerous overgrowing packed pass pity poisonous recall respect revising ring root script seal separation smoothly spring stay steadily stupidity tree view waiting weed world youth
2d8962eb-d38c-4503-828b-c6e6e06cc2ba,buy cause change come dance different fact free girl hand heart hold know little love money paycheck precious present rain real realize shame sky song tenderness tight time true win wrong
2e504ee4-6262-4426-9742-31704658e0fb,blind body close cold coming deception deliberately earth flying fog frozen hand know lie life like look looking love motherland necklace night red scattered sleeping snow soul throw visible wander water
2eff9d10-4a0e-4689-955f-143fd143851f,absence attention away baby beauty believe big charge chocolate courage crazy day desire disappointment dream drum failed fell finished floor flow forget frustrated given heart hope hurt illusion imbecile kid kissed know lady late like lion lose love loved miss night pain pardon pass passed recorded room seeing sexy stand stared tell think time write
2f86eece-bddb-4cd6-83b4-e66d190a0876,anymore arm attempt away blindfold cloud come die end erase fall force forced forget game gave good hard hear heart honest hurt know knowing late leave leaving left lie life like longer look loser love miss promise reason starting story swore tell threw wind write wrote
30170764-0266-4ffe-9483-1552602fa250,alright analyze arrive ash ask baby best biggest bit clearly conclude couple curiosity deserve evening fall forget formula game gave genius give giving grows hope interest leave lent listen little look lost lot love lying madman men mistreat moment month morning past pay plenty prefer promised reason return right sorry speak stay tell time turned understand use
303ca77e-7457-48d4-8fde-b5b443b1bf5f,ask baby body bop burn caught come connects couple dale dance decide decides diamond drink early enjoy expect face forgotten give hang haze hit home house late light lose ma mommy music phone realize record repeat rich round seeing single sleep slow start stay stick stressed tell threat time told turn witness
303fecbb-b103-4f54-a31f-8326d29f44d7,alright band behold belief bite bullet castle come day diamond dry faith forget forgiving gold guessing hand hard hold loudly love news play raid regret sand sea shining shouted simple soul sun tear tell tight tongue undone uneven unfold waiting way winner wrapped
31bda84b-5ff0-4b04-b02a-1b69525b29cb,air allergy annoying appears bar belong bit bone broken come crazy day deep diminished dirt door dream easily eye fall feeling forever girlfriend handle heavy hike hit hymn lady left like look lovingly lying man meet miss play power prevent right rush scattered scene screaming sent silent sit sleep small sorry sting sun tell tiredness tree village wall weep wood
32af4523-2c72-4160-95f5-e4f8e9e61096,alive beat bloody boom boy ending feel heading heard heart hold know like long love lover meet mighty mind paradise real ride road running thumping time vein way weather
3358cead-babb-4985-a9f5-764e2b73141a,bed bout brain bridge change conversation couple decision dynasty end excited feel feeling fucked girl grapevine grave haste hate helped hold holding killed knot know locked man memory mind month numb pain pessimistic phone picture piss post pot pretend pretty shot slip stress stuck suicidal summer surface tame thinking time trapped traumatic uncle
33617e45-4524-4403-b1cc-b66d6db4a097,allowed anxious away baby bad beat change check clap come copy crazy end face fine fly forget glance hand happy ho kind laugh laughing leave left look love magic mirror missed mistake obvious paste phrase rap right seen sing smile stupid thanks turning world worry
345d902b-64c8-403d-8f84-0fec2724b1f6,arrive automatic baby bed best bitch bring cannabis come control curfew drama drop excitement feel flame give goal heat house know lady leave light like look love manual marijuana meat morning pain pajama photo pillow pilot planted remedy romantic room ruin season seasoning secret send shock showing sleep stayed tell theater time traveling turn video wait way win world
360f4ca0-d5fd-46a7-b410-383f94402946,acting anymore ask asks bed boy breakfast bring burn care carnation city climbed control day dinner end fixed god good hair hard highlighter hydrated late look love number play relax ride shine shining sing sky sorrow spoon station story sure surfer tear tell think trouble turn wait wake warn watching wave
36611476-4a2d-4231-9465-d14a5c6a2307,account bad boat bounce boyfriend care drunk enjoy fall fifth fuck good hair hurt idiot kick like lip look love lyric nail post pull rubbing seen skin space tell think thinking time tremendous understand woman
36986d40-83d9-47c3-9bda-a396a0618b32,angrily bathe beauty biggest bind binding body brother brown buy care chopstick coming completely correctly couple cow date decide digging discussion dream earn eat embarrassed excited excuse fan game god good guy handball hanging hard hear hello hiding high hub important importantly ketchup kid know lady like line little long look looking love low man match matter men money mother mouth need old operation pen perfect picky poster pray preferably pretty punk requirement run screaming sit solarium speak stomach suit surname tall tell tie time true united wall watch way win yell younger
37f25aa8-b1bb-4b2c-9467-510b6c7fdc3d,baby bad beating bet bout breathing carat cause chick club cuff diamond dress end feel fitness floor fourteen girl give good hair hard heart hit hold image jackpot jealous know leave like look love marquise mess met miniature minute miss news nice pant press proud pull real round sag shit shot signature skin stuff stumble tight time touch town triple trust way wear won worried zipper
384a7f00-3588-4591-80b6-b149ce99b16e,ahead alive alright away beautiful believe breathing cheek cold counting cutting day drop envy face fall far forgive forward gem good grief hard heart help hurt lie life light live loneliness look lost love night notice path people reaching run running shadow shining shooting star stop stride swallowed tear throw time trapping turn walk wave wind world
38e6603b-88b4-48e5-b155-ab460fd46e01,baby changing damage feel girl hard heart stand understand way
38f9945b-6089-495c-934c-d0ea45d5579b,aching bad blind cause changed doll dream fake flower forest forgot fulfilled gave good grown happy hell hidden know leave lie look love mad man mirror perfect pretend pretty route sad sick sorry stranger talk understand used weakness world
38faf1fb-34bf-4366-850a-97d7dcc95f70,action afraid ask bad believe brave bring brother caption capture cause character city clean come complain day debate drained duo emotion end exhausted extreme face fake false favorite feel feeling finally flown follow follower free girl give goal good guess happily hear hearted help hero higher hit home iconic inch kid knew know known land later latest leave life like limbo link live look love ma magic man married mattered meet motive news opinion pain paved peace people phone picture place play post praise pretend question record rehearse relate rip road run said save seam seed shade shit song soul speed split story stranger team tell time track trust truth underage used version visit wake way wise won work world worse written
3936ee71-1033-4c64-9619-ab36d6d7d76f,ask baby ban bass champagne club dance fan floor hood junk know minister patience patient power public remove request rest school shower sorry table test thank turn volume world
39810323-6b0b-4526-ac51-145cb26b9093,arrive away baby bad boom bridge bunny bye care challenge climb come conquer curve daddy dance dancing danger die eat edition exist fever filter follow forgive fumed gave general girl give good great hand hard horn left lemon level like look loose lost lyric marathon material messed model mom mommy note notice number pay picket pique plan post power queen rabbit rain raise raised resistance rule rumbling said saw shine shorty size skin special stick stop street stripper tell throw ticket touch tough toy track triple turn vegetarian waist watch wiggle woman wrap
39d5df61-1850-45c6-8599-23cca2e6073f,answer arrives baby body care caress condition crazy deny doll dying enjoy escaped favorite feel forget hide hobby hope hug illusion kiss know like long look matter mind miss mom mouth need river sea skin tell touch truth understand
39d71118-e8b7-4454-a13b-7fcd2a2f6e6f,body coffee crazy dream eye flew flooded flowed grateful kissed lost moderated night passion potion scintillating secret split tell unscrupulously
39ebdb8f-4ecd-4834-94d0-ade41970c633,begin bigger cause clear coast come control crawl darkest face fear flicker followed frightening goose hair hand hell hiding joking know light loud monster nightmare noise panic phone raising ready reverse room settled shaking signal silence skin spark strange truth voice waiting welcome whitening wolf worst
3a96d571-b4ce-4cf4-b98e-f3f62244b1f8,afraid answer apart away baby bad beauty best body come crucify death dress drug emptiness felt fool forget free give home hunger kicking kind knew loneliness look love moment need night people phone picking seen stage staring started starve stranger tell thought understood use vibrant way work worry youth
3aa20f0f-1ed7-4173-920b-4a4efeb00a7a,alright asked away begin betrayal bit born break bridge cigarette cold color counter deleted draining dumb easy eye face fact feel feeling fine forget friend fucking ground hand head heals hide hurt kissed know like look love mate matter message mind mistake moving past phone pull reach right sad said sent shake start stay steal teary tell time touched tremble voice walk wonder
3ad8d392-2a6c-4d22-a9d7-db25074fba94,advance awaits baby beautiful beauty clothes comfortable die draw drink easy evening face finger fishnet gray hand hang heel herd king leaving light like love night open pencil people plate prepare ready sail shine sick stand stocking suitcase tired train travel uphill win wipe world
3b4c247d-4c81-4113-91c4-8b11ea589a64,answer ask baby backwards bad bale band bastard bed believe boot bounce bounced break breathes broke burial canceled cat come complete condom confidence court day deeply deny drink entangled explain express failed far feel fell flow forced fuck gave give god good hard heals heard heart hide hit humiliated indicates know left life like longer lot love ma magic magical misbehaved missing mocked mommy movie new night pal post problem pulled real reason remembers rondo row sassy saw sense sent shorty son spend stress suffer suffered swear tell think thinking threw time tired tried turn understanding vice voice world wound young
3d72b222-df6a-466f-b5cd-78778b174df1,apparently bit born cheerful cloud come dead fly flying god good guilty heaven hide know leave like little love man old painting people picking place remember sad secret smile son tell true turn
3e1f4dcc-668b-413d-9c47-ccc6da4a3184,beating bound cause day fall far fear feeling forever ground healed heart hold journey lay love lullaby melody near need night play scar serenade shout sing sleep sleeping song sound star stop strong sweet throw tired turn used voice watching weak won
41058a75-1b8c-43ef-a07a-de45c4900218,baby believed break breathe change cold come cruel deceiving easy ended fate feel free game good handle hate heal heart hurt know leaving lightning like long look love lying minute mistake need offended pain played real remain rising round said spreading stop story team tell telling tempest thought thunder time way won
4117a35a-c362-46f4-937b-f3233e956843,congratulation demonstrating fall false farce game heart hide hurt love night open passion surrendered thank thinking trusted understand
4180e0fd-840b-467f-8caa-8c6038d4fb1d,appear away baby beach beat bigger bit blessing body brake bring busy buzz cat chill cold come coming cruise darling dear different direction distance dream ear eye feel fighter fly fresh girl give heard hook house hype job jungle know known lane leave lie life lip little long look looking lotion loud mistaken motion neighborhood nice ocean office passport rider rig roadway served skip smear stay sun tattoo tell tempting time turn vibe waiting walk whiter wife woman world wrong
423bcf9e-f8f4-4d05-96bf-ebc6c2189311,ago animal anymore asking babe baby bad bed boyfriend brake care come convinces damaging delivered desire despair devil devours download environment eye fear foreign ground hair honest hot hour imprisoned insane installed instinct know late lie like long look lose luckily mind need new patient point poison privacy reach reflect regret showed sin smoke started stop swore talk tell think upgraded wake worried
42c4c938-ed02-4b66-928b-746917142d90,able according afraid ball beginning best blow bowing break broken brought bunch caught cheek close cold color come counter coupon crazy crocodile croup dancing delightful diamond drop drowned drum drunk dusk ecstasy exit falling finish fucked god hazard head heartbeat heaven heavily killer knowledge lead leaving left life like line longer look lose met mild mind miss missing muzzle night nighttime ocean pill press promised raise ringing rise round scream sea ship sit skin skip sky snooping stand started stepped strong suggested sun sunshine swallow toe trip unexpectedly world
43645d6f-5aef-42d3-a4c8-ac6e7cf00b3a,dare music star train
46439f80-f8de-4fb0-9302-fa6f0358e536,blood cause dare ear easy eye fall flight follow forever fuck give grace hold instinct know learn learned lesson like longer look loss lost lot love loved mind old quit soul sword tell think tongue trained way wing won working
46b85a7b-c369-4acc-bcd7-6fa6334bfe70,allowed baby bad beautiful beer believe bottle cause clutch crazy damaging drink drinking drunk easily entangled fell friend head heart hurt kill left like little longer looking love man partner rain record rhythm roof sad spite street thinking told versatility walking woman worse
46bb18d9-63f7-4df8-8132-8abc985efe62,answer bout brink club day deep fall feeling hear honestly honesty know lead leave leaving lie line love man message need night phone problem real ringing said save speak talk talking tell thinking tone
4868d19a-39af-44e4-85c3-25ad1904d663,able advance ambulance anymore ask bit burst combination day drown end fatal finger gab git give house lend little lodging long number numeral numerator oak page refrain singer sit slow sure tram use way wept wink wonder work worry wound
494970ef-e902-4cc6-97c4-50a75cde7cd9,alcohol asphalt bad bar bottle closing coming companion damn drag drink dropping drowning end feeling fell forget gasoline glass heart horn hugging kerosene kiss knife lack leaving loneliness matter moth pride rose soften sting touching understand worse
4955988e-5fca-4332-949b-f481b93b1ecf,alarming baby beach belt bit bridge charmer choose climb cold contrast dress dripping explore feel finally girl heading heat hot ice kind know like little lot love mature mind miss mountain number promise room sand sea seat share short smell source south strawberry talk taste tighten turbulent underwater wave wilder world wrong
4aed8240-4ba4-4706-a113-89f56beb1e59,beach beautiful boxing braving bubbling cloud cold country crossing drink drown emigrate father glad gloomy good gray hand head house money old parent people place post rescue rickety sober tell tire warm
4c45dc55-d5a7-4164-9dba-bf60a7aa4cd0,away bout cared cause different fine fit fix friend guessing heart know liar life like lose low perfect recall turn way wind won young
4cd19d3b-66e9-4092-b6f5-80e64bd8894f,ba bin fir hero loon sun
4d7e77f1-cbca-48dd-a680-9016dbff5f38,accept address admit anymore apologize ask bankruptcy bastard beach bear blame deny depth dream ego feel feeling fool game give good goodbye ground guess hard hear heart hold hope intentionally jam knew know late later left leg life like mask mirrored narrow need night offer offered pack pay play pool properly rain reason right roof screen seen selfish shore sparsely spring strawberry street strong sun talented talk think trust twisted used walk watched water wind windy wrong
4efbc496-9252-4a19-9b12-c15195aff767,affair air baby boy care coach everyday feel feeling fresh gangster good hamster hand hear hook know lady love music need neon party play player ship shout sing skin tan
51f2f0d4-8846-4999-b6f0-225357d2963a,dream head love mind share waiting
528390f4-c514-4491-bc19-74bdb70fe8b2,amen bake band bar big bitch bitter blind block body brand break brother business catch cause check chicken civilian content crazy curtain cut damn dance dark deal digger dog drop event expense figure flipped floor flow fuck funny future gimmick give grave hand hard hardly hit hot king knew know left light like look lord love man misunderstanding moment money offense owl pack palace play prayed printer profit public ran rap real reason represent resents resilient respect revenge ring said scared shit shook skinned slice slime sneaker standard start started stop stopwatch super sweat tall time told trillion wedding wig wild wrong
52887d31-0caa-429c-8649-e23e8a66eaee,baby body bridge cause closure come coming cool crossed cut emotion felt give hold holding hurt know lie line loose overdue played post promise reminds said spell stick stuck thinking thought thriving told won
533432a0-9373-4994-a916-c9f0ba1df061,able answer awaits bad beautiful best breath bullet championship chance closing cloud coming cover disappear dream dress early ending eye feel feeling gaze gin guess hand heart hit hug imagine inside journey know laugh leave life like listen lost love movie national north phone plant pursued ready return ring shower sleep sofa song start stay stop strange stupid talk team touch turn understand waiting wake watch water wedding won world
53be1a41-fc4d-4add-ab0e-a74a16fb8cc7,actually afar anxious approach atmosphere baby breaking calm come couple cute dancing desire disco distance ended evident fair feel follow give given good kiss know leave like lip little look lot man mind miss missing mommy music need notice pair party plan rich shortened sky song sounding start started stop time undress watching
540a4d87-f892-423c-b51b-45965a11a6fe,baby beat blacked care come compare cousin crazy cute daddy dance drinking drop expect fight folk freaky fun girl girlfriend god grandma hair hit know learn level like look man mirror nappy old party ready right rim running skinny slide son stop style ugly walked
54132123-fad6-4304-9da1-dc201db12d74,blowing boat depth doll dream drew end evil fake fast film free gave goodbye great happy head hide hour kiss little love makeup marathon mind net new people quiet quietly rocking roll screen script slowly stop time truth understand wake waking water wind worry
552cf43a-c5a4-4535-9233-0c5ecc4146cf,abnormal anymore away baby beat breaking clear continue day deny desire eat energy felt friend give grab hand hip industry jam kiss know lie like man mom neck normal plate quench saw seen sex start stopping street stress stronger talk tell thirst worry
5589d133-f2be-400b-802a-7c5d9b55c904,age agree baby ball bastard beware booty bring burned card celebrated change choose continue cried end face festival fight fucked gate hear hello hesitate home hot humor knocking low mom neighbor number party password past place play plot point rack radar rebellion revenge ring rubber said saved seat sell silent song speak stall stay story summer sun texture understand wall wickedness world yard
55b38548-d6f4-434e-a301-022799fa36a5,air allergy amnesia antihistamine asks ass bad beach believed bona boom certain changed come cookbook costume count country culture cup curriculum dance discount discounted dispose divide early election eye fake fall far fashion feed feel flag forgotten high hippy illusion informed intersection know leader like listen looking lost love luck marathon missile mix music new news offer opinion oregano passport people photo play played polygon pubic raining real red remain republic retreat return scared sea series shape simple sky smoking story summer tell thong throat time touch train treated triangle turn version voice wait waiting water waxing weight wind work world
56a9fcbd-d645-4ea1-9423-f8ef3d96d9e8,baby bag biggest bitch bottle bra bring bum burst capital chart chill class club college crazy drink drunk dun fast feeling fight fuck fumble grad high homeland investigator jam leave like live money passport realize rest roll run sack safari slow sound start stunned sweater turn wheel woman
5a38acf3-2c2d-470e-b42c-93fc9ea7d31e,alive baby backwood barely cause close come day daylight drive drunk flight fun girl good guy hour know late like love need night play right roll run shit spent sundown thinking time way weekend
5a53c52f-8355-48b1-a223-7d70aa639012,bitch bonfire breathe bring business close drink eye feel fitness flame fuel gasoline hate head hear higher hurt kill know light like live look mad mouth poison rain right run shade shit spill spin strong stronger think throw whisper win wisdom
5a665fac-093e-4aa4-8b6c-4e5b3977dc82,ahead bad badly blinking breaking bridge broiled broken come coral corridor cross crossing crunched crystallite dream enlighten falling felt girl ground gypsy hand hoop knew landing light little look minute moon night plowed pretty protect rare save shining sidewalk skin stair star street thinking told voice walking waste wobble
5bef051e-d6c2-4d6b-931d-d081a7ab5afa,answer ask asks baby bad believe big bought box boyfriend bun bunny champion class come cure day drink dye erase fall fast fit flood girl give great guess hair hear hold inside killer know lady leave life like limited little live lyric ma machine maniac mature matures melted memory miss mommy music natural new night obvious people pharmacy point right roll round saw scoundrel smell snoring sound spend tell think thinking throw time torture tortured torturing tougher unbalanced usual walk wave wax work wrong zero
5c52bdae-c588-4811-9228-d9bcaa5faa76,alligator architecture atmosphere bikini changed clock deep diving dreaming equator feeling fly green hit homegrown hot know lager later like look mountaintop navigate need riding road round sailing sea shotgun south stick sun time underneath unfamiliar used yellow
5cd08cae-b99c-4008-819f-20b76f226851,adventure bus chest cold college coming cried dehydrate eye friend headset heart hidden hunger joint lost lot love mouth need regret saw screw shared sleeping smiling snack soda spent stop weighed weight
5ddec127-8e9f-4c14-8a77-83f745cbd37a,action ask bad black bro brother chaos crossed curb describes easy end eye face head ho hold know life like located look loyal memory moving neighborhood plan preamble prove reach revision running seen smoked stand stick street talk transformation turn war world
5edddb13-32ef-4048-b685-b13bc364a51c,anymore approach beach body causing closer collide come control culture dance dancing dawn day dress forgetting fruit give heart heat help impression learn lift like morning need novel order passion play practice sand sea shine silk stand stop stumble sun television think vein waist walk warm wave
5f04072a-377d-483f-9cf1-e75e51579269,absolutely belly best clap clear clock come comfortable companion company compare continue counting decide delicious early earth employment endless expected fight generation girl hand hay highway invite later leave life lifetime long love lunch manageable matter mistake morning pay people person president psyche raise ready recently reception regular rise rookie rotate rush score secretary seniority seriously servant society stuffy surprising sweet tame tea tear tie time towel tower turn turning ultra watching work world worry wretched
5ff541b4-f57d-42bc-9cf9-5a91ed7261bc,asked begging changed cotton day divorce door fantasy gave goodbye heart hour like listening look looking love moment night paper pride rip said saw sea stone stopped threw throw turn woke world
614a7f49-0b2a-4ce5-9731-620d1d384784,ahead baby banger beat body boom booth brag brand bring bump burn care child come coming crown dance drop feeling girl give good hand high hit hot house hurt instant jam kitty know lately like louder love ma miss mission motion new night place play quick ride right room shut sing son song sound stupid style tell town track turn watching wear won work
628efc81-125c-4427-86c1-df799c4873b2,air awake away balance believe bleeding break bridge care come control cool day deep desire escape feel fight flame head hour ice inside iron leave like live lose love matter mind paradise praying scared sending sing starting surround time underground water way weakened week weekend wide win won
64cb5f5c-9b60-43a8-8f9c-bf8902bd6693,baby come counting easy girl like love melody ray repeat simple sing sit think
64d3ef52-9818-43ad-8d9e-9346b201cf13,attention attitude bullshit cigarette deceived desperation draw drinking freaking help kidding losing mess night notion passenger priceless relief running smoking solve station stop tease tell
64e41289-86c5-430e-8ad1-5aac520ecdba,arm baby beautiful blackbird body city core covet damn disappointed drown energy fame fun funk girl hand infect jacket jaw kindly know laugh leave lied like liked load losing love money morning pack paper queen raging randomly rely remember sadness salting smuggler sold squatting sting suck sweat tap tape tell think tick ticket touched treat written
6565c087-7b67-4590-b485-4dd8138a37d4,aching apart baby build carry caught choose comfort crash dark different direction door hand head heart idle know lose love matter ocean play question right run sand shadow soul sure tear tell time velvet wall wave way wipe won
668b6aa5-7529-41ff-ad10-2165b856ef14,abusing alright brave carry cause cigarette come coursing darker distance drug feel friend grace guiding hide hiding hill hold home house know lately leave left light lighthouse like look lose lost mentioned mind mistake need pain phone place refuse robbed safe searching sparking stop tell trouble truth unanswered vein way won wondering
6690063f-cb8a-475d-8676-a8da803509ab,accepting accord actually appear ask assumed autumn beginning big calculate car character chest choose considered determined drive emotion enjoyable entangled favor feel force freedom frustration gentle give good hair hardworking kissing life like loved minded misplaced painful people recently reservation sadness single spring stubborn suitable suitor tear time torturing understood unimpressed usual violence waste wasted way white world worth write
6ad48780-2c63-4a61-8375-0a984bd9e959,angry baby bad bridge buy case cold come contrast cup dinner doubt drink drop ended eye feather fillet final grill happily happy hard hell home hope ice invite late like long look looked love man meet nice night parrot pole problem read reason refrain saving shot smile song steak summer tell turn use world writing
6ad5f544-4035-447c-9e2f-ef7e30f2bf8f,adrenaline apostrophe body born box break build catastrophe cause chain circling dangerous deceased die diseased egotistical end epoxy fall falling fast fear feel feeling grave hanging happily hoping hypocritical hypothetical invisible leave letter like lip looking lost love man martyrdom masterpiece miserable need negative nepotist parenthetical praying prepare prodigal product proud pull racehorse ready remind rip ripcord run slip son soul symbol time tripping typical vein vision visual waiting working world
6b3a1dd0-3f87-4f95-b283-c636473c2911,anytime babe baby believe cause door escape free friend heart hurt hurting key lay left locking look love need remember scared shoulder uncertainty won
6bcffd8a-fa5a-4a34-96ec-1b40a6e84ca8,barely beautiful blindly blow body bridge bright burn cause chase chasing chemical chose day die died dope drug feel feeling framed friendly fuck fucked high hole holy hotel leave like lit lobby long love messed night nightmare perfect pill post pretty punched remember remind rock run slashed stay time tire tough trauma wake waking wall
6cc6bba7-33c9-4033-a58e-f29de2eafcda,alcohol bed best blamed born boy business busy care caught cause cried cut damn decision friend friendly fuck funny girl give goodbye guess heard knee late listen love man miss need past play position remember said save shut sleep song sorry stop sweet talk tell think time victim weekend wrong
6d08e2a7-d4a8-4659-960b-1c6f03ae9529,admit attention bad bout bridge care club come eye fight give hard home know late like met mind moment need place playing refrain rule talking tell think time undress wait
6e72cc78-4d4f-4c26-8223-7f57b68215af,babe baby bad body crew dine fun hell hit incidental innocence kiss lean leave like limo long love memo naughty pedal ride said send signal sound wait wrong
6ea444fc-1e43-4f20-97fc-0bb9dada2e99,arrives background bed contact corner covering disappear distrust dressed ear expect face felt foot hair heart home hour irrefutable kissed knowing lay looking love loved low message motel night post proposal radio reason recorded room save serenade sky spend suspicion swore taste touched unawares unfaithful use watching
6f1b4ba9-6dea-4dde-a382-570903a92d34,end erase friend give governed height higher hurt know life limited love past place sell short space stop time unconditional universe world worldly
6f77ea69-ce15-417a-9d5d-cdd359ba67a4,baby cause chance day dream far forgotten heart know long lost loved lover need number pretty rule running saw single time win
6faaef13-b481-4fe4-93f2-30a9794a5a6b,account bing boom boy campaign car catch celebrating certificate clash collection country dad day dear debt doctor drink drinking drool drove easily election finger forgotten free fuck gather give guy heard hell lasso list long lost money pour president pronto pull raw remark respect school shotgun shout sickest think virginity voted win woman wrote
720a87c1-57bd-40dd-9434-7c931554c390,babe base best bitch cause coat coke decaf drug eighth eye feel fore fucked girl good heel hide high hill judge knee know leg lie life like line live love moment motherfucker panty past pill play president real rehab relapse remember safe said saw send showed simple slide smoked started strung stuff tempo throat time told touch trust wraith
7415f2d4-a306-4e8a-a984-3f313b111552,clean day divide frightening fun heart hurt incredible insomnia know laughter left letter like longer lost minute multiply necessary night path scary silence sky tear time valley wall warm way
7559fd58-2862-40be-a0b6-6aca353499ac,army baby bank basement betrayed bitch boogie book booked bout boy brand busy cause clothes come cousin crazy dash dope drake drop favor feel finish foreign gave glass hate head held key know lawyer leave life like look man met money navy new nut pair pavement peek peep presidential price produced ran real record repaid rookie saved schedule shit shoe shorty slide starch started steal straight street supposed sweeter tailor tell tennis threw tint trusted truth way won worked worried yellow young
75bf8a64-a3f3-4889-8974-7e84d074496a,amateur beautiful beginning biggest bobbled born bro burden care count crazy dance fan forgotten fuck fueling good guy hand hero hit honor hour hurt husband know light like little live look mentor mischief mismatched money mouth new nice number pouring practiced professional putter revenue room said sauce save sentence shutter sings spent start style surname talent tried use wait way wrote
7610936d-c759-43ae-975c-f9e11b354312,baby bad bang banging bank beat believe big billboard bitch blow bobby body bout brain bunny certified chance close closet club coat coin coupe cover curtain deal diamond dipper disco district dollar driver driving drop eating ex fact flexing fur gang halal handsome hard high hookah hop hot hotter jag jeweler jump know lady lam like llama look need nervous new pen pin plaza proving religion rock roof run said shining shit sock sorry soy spend spicy stunting tell text told watch wrong
76c58fed-d629-4b09-b62d-592a3cf18fe7,answer anymore ate away bad boy butterfly clear dance decide flower game give hang hear inside life lion listen little longer look lose losing lost mad night pretend pull ready rose rotted serving shot step touch turn turning war won
7765662b-db0a-4c08-8107-25f1925195b0,afraid angry asleep avoid belief believe biggie biscuit blue break bring brings child come counsel dance doctor door dream engulfing expect fall fly future girl girlfriend hand head heart kinder kissing know life like listen listening little look love met mom monsieur mother neighbor night old problem question rapper recovering regret repeat right said shape sight sign sleep slowly smile sound speaks step stop surprise tear tell think time tired told unanswered waiting wake wander week window young
77d3fe0a-419c-475f-8e36-8bc0e5bd14e8,album away beef bitch board boutique bra bros brother build car cash change college colorful come court culprit daily dark deep deny diamond die drive easy evidence far fat fine flit flow fly forget fresh friend gas give gravel head hide high hit inch judge know leather lick light like listen locker looking money moon neighborhood opponent paper play playboy police pull purple respect rest roll sale saw scream seat shine shoot shut smoke song star stashed stay stealing street subject taste tell threaten trust understands vacation waiting weed wheel wide witness world
781c5448-c2a9-40c5-ba5e-52bc500f8b5b,ask box build cause change come count different digging forget game gate ground grow guessing gypsy head hiding hole home hope inside land like memory night number old pack place plan play rest road root running seen standing tear time town travel wait wishful won
785c69fb-86e4-4336-ba5b-d0e3d27d8534,accept agony answer anymore arrive assimilate away bed blind buries cause circle close come commitment confused corner day departure difficult distracted dream dying eye face feel forget forgot girl give hard heart house hurt intact killing kiss know late left lie life like liquidate live living loneliness longer lose love matter mind need night nightfall open pain picket picture portrait refuse searched silence smell space suffer tell think understand underwear wait wanderer war warmth way world
79ecdbfe-2f0d-4478-ad64-f4b29f66d853,alright away baby broken cause chest core end fade feeling forget glass good greatest hard healing heart hit holding hurt kiss know left like love matter memento memory need regret remember reminding room save scar silence skin staying tearing told understand violence voice war
7a525468-37bc-40d8-a5d5-93ee839254c5,adjust admit agreement ashamed away ban burnt candle cleaner clear clock come darling embroidered explain fall feel freehand fucking genuine give good guilty guy holy hook ignore imitating important kidding knew know late like lost love mind need neglect nerve night pitiful play question reason require rid silver start story sun table talk tell treat unfair unnecessary walk way wonder work
7c723307-6a1f-4ec4-b501-a9d82e468d38,according air blessing breathe bridge church contradict daddy damn day deep disappeared dream drop emptiness enjoy exaggerated exhale eye forget fortunately freeze fucking gold great heavy hook hope inhale jackpot king leg life lift live living longer look love luckily moment need principle push recorded return run sad share silence sky sneaky soft successful summer sure thought throwing true young
7cb04a9c-0b33-4094-9485-b36d0e516a41,alright ask baby fall friend hand hold left lover ready right sense stop tell
7db94582-7424-4fd6-ae36-1599b58fcec2,anymore aura away baby care case close committed continue crazy dance despair disguise dodge easy favorite feel give good hard hide kill know lady like list makeup man matter money music need picket pod pretty promise pull rest rose simple steal think time travel way world worth
7eb29392-43a5-4988-b185-c1d96062605b,cause company easy exploring eye feel feeling heaven kiss know like lit look lost loud love message moon morning music need night passion real skin sleep smile time way won wonderland
829eda14-fb1b-4221-a6ff-e6f998676818,baby beat bed brain bridge burn cappuccino cool count dip fall foreign forever fridge heaven home jump know leaving light like look looking lost morning music night palm party people photo place plane refrain regret remember rise scratch sea shoulder skin sky strop summer tattoo throw touch touching tree trip understand wheel wind zero
8423a416-1977-4965-9cbc-3fd8db5580c2,accelerator amigo appear bang bar bluffed care caught come coverage dance dancing dangerous deep door era family fucking fugue good hard hurry jungle lacquer lied like mama man mind money nice node opened pushing ram rip risking said salsa spacer spend tie time tripping vie
844f0355-0160-49a4-88a1-95d86a3552f5,away basement bit come dream eye far fix fool give good hard heart kill know like little look replacement right settle thinking true wait work
84781bbc-1731-442a-8751-a2cbd7df5ccb,absence ashamed aware come connection connoisseur courage deep dust face felt forever gate gave good head hour knock knot know lack loved message receive touch tried turned work worry
84c5048a-308d-40f2-a17f-966c951a19cd,airplane alternative away balcony bay bed bitchy blush book burn car case celibate clearing cost couple crutch dodge dog egg excited fast floor fly foot fridge fuck guess guy hand hard hello hit hold hole hug hurry imitator inverter kitchen kite knit know lack leave left leg like machine magnet magnetic magnetize matter misunderstand money mouth naked nest new night nosed outdoors pair petri pimple place rattle right rooftop rotten rug sauna sex shirt shit shower sleeping sock staircase started stress sun swallow talk tear think throat time tired toy understand virgin washing waste waxing way weather wheel work
864a2450-aee1-4090-bb3a-fc0df1fb2d78,air alarm art beautiful belief belt bomb bonsai bow brave bridge car care cell change cigarette cinema city clover come confuse control cover daisy distance dive drink drowns duck endlessly eye face fashion film friend give glass god good grave hater heart hello home hope hour informs inside kiss know late leaf leaving like listening live look looking lose love mama maneuver manhole married melted message motorbike negative new night normal oak ocean open outdoor phone photo photograph photography picture pocket pond problem rain record red rock roll roof roundabout scooter sea separate series shirt siren sister smile social solar sound stay stone strophe stubborn swear talking tell throw ticking time trouble trust uncovered use various wave windshield world
86da4f33-ecd4-4d54-90b7-59ccb4e8cd8b,action alike arrow blood bloomed body boiling bridge burning burnt color conversation cried damp daughter day drove face faith game heart hurt ice insult intact kitchen know lit loving morning mother mysterious need new night price rain reduce save sea sign sleep soul tear violet wash won young
86f5921c-3356-49e0-9044-a250b7d7ea65,anymore break care change climb dropped fall future give hate hit hold house know language living mom need proud rise said savage speak talking think won
87a09c2f-04a8-4336-85b7-6ef58a1e2733,accelerate amigo baby black bottle brother cause champagne chocolate come completely contact course eye feel flex gazelle girl heavy island juice kind know leave like location loco looking lot lotto low ma model mom moment need people perfect play read responsible sauce scared selection sexy silence stagger stout team temptation time vacation way wine wined
88676b8a-81bb-4486-a0fc-515d9308e69a,afraid decide know low sad suicide
89046604-6e42-4609-a58f-b03571c36fe0,amazing baby crazy drive feel fuck game hazy know look play shot slow talk world
8ab0de94-39d6-4917-95ae-acc72c6691c0,away beauty bother care caress charm charming close cold dropped explain heaven hurt kiss know leaf left lonely look lost luck lucky night pretty run saw shade skin stand star steal sunrise tell time understand warn woman wrap
8b76291b-fdcd-41c8-8452-e765f45a6b65,according atrocious baby bail bed big brother catnip choke class crazy cross damn day dead delirium dirty end grandpa hear hell hello hot kidding know like looking money moral played post problem purpose role rumor slept spit talk think way world
8b7f31d7-82b3-4736-9f42-f156d0bdcc41,adult ahead alpha anymore apartment beautiful bed best biggest book burning car changed city clear clothes come cut dance dark deny disappeared dreamed eve expensive fan feel flower forever forgiven forgotten fun good gossip hair hear heard heart home hope ink intellect jewelry kick know late lay lie life like listen live located long looked looking lose lost low meet mirror mother obviously old omega pencil permeated picture pillow plastic play prayed radio rain rear released remember right road said saw scratching secretly send shape sleep sneak song spray standing street survival tear tell think thinking thought throw time turn used way window won world wound write wrote young
8ba66ef9-1162-41dd-9ccd-b59a6b97122a,ambition block cause celebration champion coming correct dream elevating favorite fear fighting flag force gift give goal hay high hit king life light like live love ma mix moment nation number power pride raise reach right road run shine shot son strength sun sweeter team truth victory waiting watching win world
8e3ed85a-1cd7-4f18-b733-df844ace1687,anymore away beginning chest clap clumsy come continuation daring deliver distant dream drink example excuse expect eye feel figure follow future girl head heard heart hello hesitating high imagination inside knew life like listen love mind person ready reason run running shut simulated size smile stopping story strong tell think thought time transmitted true unleash voice wait
8e6bc5ac-67d6-4695-afd3-f8d82b890a40,bet bout cause cute dangerous deep dirty fear girl good hear heart hotel hurt intended jealous know like liked little love mad mess mind poured said shame started talking tattoo think thinking thought truth understand wait zone
8e7f3891-ef5f-4141-be75-736a5325f3b6,afar alive baby beautiful believe breathes bridge burning collide dancing darkness daylight diamond dream dying eye falling feed feel fever firefly flame forever freeze hand hear heat heaven ignite infinite kind lead lie life light like little lost monumental need night pain palm particle post right rise skin speed speeding star starship sun survivor sweetest tell temperature touch tremor turn
8f0d9411-b1ce-4619-b81a-592330bd65f3,admit alive babe baby beach bitch bounce bout catch cause club crazy dance destiny dinner drink drop eat fast feel finger forward friend fuck give good guess hand heard hood impression kick know lady life like little look ma man money night ordered patience pay plan pussy recipe right run said sauce slow sniff south stay tell think wait white wife world wrong young
92a1dc02-6eaa-45b2-9e71-b45420acb7e3,answering cause cease child day disappear drown ear end exist fading feeling give grow happiness hear heart help hoping know lead learned life like listen listening little long needing noise numb numbs people place reach resist saved saving scream screaming seen sense share silence sing slowly song sound spent start stay staying stop strange strong sure tell test thank think time treasure true used voice way won world
95780656-cee6-4b6b-9cd3-993fc4f3d8df,apart arm baby bar bottle break cause corner darling day deserve fall feel friend guess happier heart hide hurt inside knew know laugh like look love lover month moving need new nursing park personal promise reminding room said sat saw smile telling told truth waiting walk walking wide
95d1efff-c196-4b9a-a17c-d68ee8e46d37,anymore aware away baby beat big build buy class climax come coming daughter day door ex eye feel finance flex game girl give head high highest hold hook hope hyped know like look ma merry mind mother place price promised sorry stay tell think turn unfortunately villa walk
96071d5d-7443-4bb4-ab17-a0f7112d2968,accept ask bed best blessed blood box buy check checked chess child cold collect come cool court dad dead disrespect double end ex expect feel flesh guest hate head ho hoe jump kind know left life like loose lot love ma met money month neck need offended pay people picture possessed real respect run seen settle sex shit shoot soul support supposed thankful think time tour town tried triple upset vest waste way woman
96acc1c3-bcf9-4592-9489-7eabb090ecb4,advance ask beckons come dial distant drown flowed fog forget friend head heart holding know letter light like lone long love mail missed mist morning phone pocket refrain said slowly soul stay stubborn thought time understand window wound wrong
970eb02f-0e32-42f3-838d-6e1c23e86138,bad bed bring brother calm close crasher cuddle die different dog dub eat feel finessed god good hard hold hope imagine know like lot love met miss momma north outlive party peaceful plan pull road shit sorry start story struggle sure tatted tell trouble turn wait way won
97d207ff-f984-47ce-ab6d-c412ad3b9745,air arm arrest beautiful beauty bed blaze boom bring bye come crime curve daddy dancing drive eat edition enter envy exist felt forgive girl give good grave greeting hand handcuff hard horn insurance know leaf league level like look machine material mind mom number paralyze perfume photo plan powerful ram recipe resounds said saw scandalous scheming shine silent size skin special star stick street tell touch tough upload uproar watch whispering woman
982609af-4fa7-46d9-a038-e1cd4d365a24,admit alright apology baby believe blame boy drunk encore fault feeling girl head heart honestly involved know lately long love promise real right round said save shady tell tried wrong
990f5eee-158b-45c4-8382-7cdee9293663,away bout care cause close crazy drive face far feel gazing good history lighten like love mind mystery purple sight sky smile sunset thinking way
998b3db3-057b-4072-9957-9ea2bb29d3e4,alright angle baby bad band beat bend boy breakdown cable car care club cut dark day die explain finish follow friend gassed girl give hard hate haven high hit hoe hold inside jump know lay life lift like live long loose lover low man mention month nice note overtime paid past phone real reflection roll round said school shit short shorty slow song table talk tense time understand watch won work
99b0d107-2480-4d42-8338-252dfbd64a04,animal asks believe benefit bridge caress carrying count country deviate dream dying edge emptiness end escape eternal faith fall fly flying foot fought friend gift give heart home honest hope kidding kill life like long loser love luck passed plan planet predatory rescue road save scare squeezed strike strong stronger teeth torn universe waiting wing wounded
9a37de66-4a10-4c69-b317-999eef5c5d5f,bite body care cause cherry cool curious die fuck fun judge kiss like little mind mother need paradise play prize right scared secret summer taste tell time won wrong
9a6ef0d0-75cd-42ab-8b90-c2905c820fe7,away baby beat believe cause conversation crawling damn day dead die drunk end face game give god goodbye hope know lately life like looking love man need place pulling push remember running stranger surrender time told used walking
9b31f636-fbe3-4717-ab7f-f09497047744,bad believe bye come different distant dog fall give good harder hurt knee know leave listen lonely mind need night patiently reason refrain said taught tell think wait way won
9d9ac3b8-fdec-4c2e-a6a3-a64e0db03403,alright angry board boy bridge darling dawn dream fine fist give higher know life look love rising run short sing stir stronger sun tear think tight time voice way won
a688a4c4-d9f9-454f-b4d1-d4e31b36ac28,anymore beach beer bleached boat body bother bridge butter camera career chill clinic code completely dead delicious different discount engine enjoy exercising finally fix flood football grill hair healthy hell honey imagine incredibly interval jaw life like liter live look losing new operate orange person practice relax repaired rinse sail sausage sea skin smiling snot soda squat stab started strength summer sun teeth thanks time training transplanted warning work wrinkle yellow yummy
a725b0bc-0f2c-48a7-a3bb-7b0af78ccf6c,accosts air answer binge boarding boat body cable cat catch cigarette come crazy crew discover dive door dream drift drink earth eat farting fish funny give hacked hand happiness heart hyphen know leaving looking love mirror missed night ocean pass pier poison port pretty prolong ready rowed run sailor sand sea sheet shouting single soul starboard stay stocking surely surfed swim swimsuit threw trap treasure tried waiting water wave wire worse wrecked
a797f8ec-7818-44b0-834d-5f656889c92b,babe bacon blank bout bump bumper campus close cost damn east feel forever fresh girl graduated heart history jam knew left like lot loved man manner met minute night papa pay point quick range room said summer tell traffic uncle wait waited walk
a8121019-f85d-469e-a20b-41e4f43d66e8,afraid aftereffect bet bleeding choice control dirty dream dying evil excess exist give gut happiness heart hell know leave lie light like little look looking lose neglect peace prepare pretend puppet raised real repair save scared seek sell shoot soul spread strike succession tell time touch truth wing working world
a9f74bf6-ec7d-430a-a763-f2db39c2cb9e,allowed attaching audience beach beat blue brother chat country dance dancing day disappointed drink drop earth enjoying feel forever future gather hand heart life like live loudly motive music night north old paint people play playing pole real sing sister sky sleep softens south spring square street summer table travel understand yellow young
aaa50e74-36ca-46c4-ada9-056fb82f67d7,air area asylum best boiled bridge brother calm capo care change clear drink energy field fishing fly flying friend girl glass guard hard hater head heavy imagine inside interesting juice like look mom money new orange pink plaza pocket pouring purple putting reason ride right saw shoe slows spelled sphere spinning spying square star strophe stuff sun tail tell throw time turn walk wall waste wave wheel window write
ab049224-80f7-4352-8c07-5056a9b96539,ahead beautiful best bigger build burn catch certainly cold day die earth end fan far fast floor imagined important late lean left lip little live longer look lot moon pain pass place pretend ready shave skin slowly spin start stay stick stop stumble think time ugly understand zoom
ab7d7e59-fd81-4064-a8dd-6ce8c6f6da8a,asked backwards backwoods belong cause cell champagne city dance day exactly feel floor girl glass good hanging home know late left like love nasty need night page passport phone place reputation right road running seen started stay stressed taught touching used wearing wonder wrong zone
ab88cd19-aaa8-4cc5-88ea-8d538216d62b,armor away beautiful beg blame bridge broken bye come continue die effort feel fist forgive gave good hard heart hello invader like longer love master morning nice partisan price refrain reluctantly return sending sense sentence shouted sing soul waiting wall woke writing
ad4561fd-25e9-4d7a-b9e8-3965e2e65057,ahead alive asleep beautiful bit break changer changing chin coin day evaporates fell good harder horse left life like listening little mouth people pit said spend spoke surface talk talking thanks understand wondered yard
ad4ec5cf-c82d-4138-b607-24f2f836ea03,aunt bedside believe bigger blow broken brother candle cause chain changed cool day dresser dude end eye foreign forget forward friend gave head knew know life like looking love matter open picture posted pretty promise rest seen shit sock speaking swear think uncle used wonder
ad779c84-74ce-4c16-85b8-1e619d18709c,ask available began bent birth blossom breeze come complete count divided face far flowing forest hard human indifference inevitable inscription laughing long meet met peach perfect prove regret script sky sure swear talking time walk warm warmer water work
adbda771-6726-4ea0-ab1b-143e44e15515,away beautiful bury bye die feel flower hello invader like morning mountain nice partisan shade
ae640655-ba06-48ed-bcf5-977043594256,best bit bloom body bored brevity burning choosing cold come connecting costume covering curt depressed different direction earth end especially eternity event excellent extrinsic far fierce finally firework flower flowered flowing flown force forerunner forget heart heat heaven height hero hesitate hide human instant large life like lose meeting party peak place rampant revived scene scent sensuality shifting single summer think thrusting time wanders way weeping willow womanhood world youth
af006e3d-072c-4a47-9fa0-f2ace47334b6,air baby boulevard brought closing cold crossed danced dark devil escaping filled hand hear heart highway hold light line lonely love night pretending quarter reach red riding running silence stop storm tank time way world
af20489a-f2cd-4bb1-973b-ec0edcc0f5da,blowing born fool given grain ignore knew know lost miracle pours rain sand time wind
af6476b1-5d8d-4fdd-969f-eed330804d24,away bridge brother clear crazy door eye fight friend haven head insane inside known like look looking love lover mess morning obvious polite pouring push rain reasoned refrain said shame shit spell talking time told turning
b044f898-bd0e-4464-8ba7-854348b6a3cd,alive behold billion birthday bomb breaking burn candle come day dead dimly doomsday extinct eye feel fool frown funny ground gun hear hit home knit late leader learn light like listening lit living long lunch men negotiation news outgrown overhead punch running saw shaking shelter sight sitting sound space speak start starting summit sword talk think thought underground war week whistling wool
b0e19f3e-37e0-4d59-975e-e76f3acfbf3a,apart cause come dead evil faint fall hand heart holy laid land lay leave love man night plan play promise raise run sleep train wicked wreck
b122619b-7b8c-4fab-8d50-2b4fd68d1343,beat break build business cause chase close cold conversation convince couple evening feeling fight forward hate head heals heart hiding hold know lie like loose lying moment old playing point regret right running shot single stuck supposed sure talk thought time true unfinished use water won
b152a6c6-5232-46b9-b893-464ccd81b3b4,anymore away bad behave beware big bit bitch blame blood bottle boy bring brutal chick click colder come corridor cousin decorate dismissed drive easter eats entrance exam father fine flex give gnome goddamn gray grip head higher hit honey immediately inside joking leg lift like lit logical long lost lot man master men mild money necklace past pay pull rich right row rub run saver shake sheet skate skin slimy slum stand stare stop strict stupid success talk tell toast train used walk water
b1eac48e-50e6-44c5-9275-72e8367fbf6d,body champ charming coffee continue cup draw dust face falling hair hand hanging hear house language leave like line lip little long lost moment nice pen people plan remains scar share ship sorry sound speak stand stop suitcase sun talk talking taste tell think time understand unfortunately wild wit
b1f5919f-c7e4-4fcd-be8e-9d01d675624d,apartment awry baby bag bale ball bar bares beach beat belvedere board booty bridge bro brother bundle cash chill cognac colorful come designer drink fight flex focus fuck garden gas glass goal great grill hard hatred head holiday hook hungry hunt know lady later loco look lot louder love mama model money music note opponent paper party purple role shut skyline star street success turn unit villa volume wobble worry
b2aed2f9-0708-441b-bdf3-33bc83e67c0e,bar black blush born bridge come complicated compliment dance dissolve dressed end envy especially evening hair heart horizon inside know late life like little lose love moment moon provoke quick refrain remain rolling saga seen served shot sight stone street strop talk time toast waste watching wound wrong
b2e2b766-f05a-4c44-a35f-f1c35e8cc0ef,babe bone closer dawn dog eye give healing home karma king leave like love loving mercy pull screaming secret share size song stray subtle tell trouble
b4a7ac64-8cfc-4eea-bd59-f20fa087277c,admiration away bad begin believe believed blue brings burned changed closed closer come constant continues dream dreamed earth east echoing embracing end fall far feeling field finger flag flew grabbed green hand heart high hold indefinitely land lead leading light little look lost map met mind mistake moving night path person pierce point putting raise scream series shadow shine singing sky smile soiled star starting stole stretched summer surely tear thought throw tie time tree true usual voice way white wilderness withered world yielded
b63f7a49-0c9c-4e66-a716-b166c676b764,baby best blind boat dark drag easy heart left life light look love man reason river scared seen shell soul stood sun taught
b8c10c3b-19d7-45a2-9ba6-c7a90628d72a,door hear ho hum know pal sorry
b9884f71-be24-4895-bc84-3860360e3da7,beggar bet bit bleeding buck chooser damn drink drunk fuck give hard high impatient information lip little living pay picturing room rug stop talk telling think truth waking yard
bba6021e-178f-48e5-bb6a-b9a409bac0bd,babe bay breath burning day feel figure flame foot know lead listen look love moving pain past right running send stop strength tear trip voice
bbcb0f0f-48b9-4542-b681-e763bd98c480,babe baby bed body bout boy burn check coast enjoy fly girl give high hurt know language like lip love ma man map master nailed need pay plan ride rose round sand sit talk taste tell temperature trace trouble watch wing world wrap
bcf88a37-85e0-43c2-a48e-70f8504a2924,ache awake away bled body break cause cried death depth feared feeling head know lake leaf lie lied light like lonely look lying needed pleaded quietest ran said saw shake stand stare sweat tear turn unreeling water
bd7a0b7f-ca2d-4721-be1e-3180ece41eb8,addicted addictive arm arrived away baby beautiful black body burn cause chance come composure condition consciousness cure day degree desert doublet education engine entire eye face feel fever flame focus friend gently give hand head heart heat hold hot imagining kill kiss know laugh listens lit lose losing manner music naked navel neck pressure problem recipe remove rest reveal rich right rise run sliding slowly soft sorrow spend stay stop sweating tell temperature thinking time touching trust turn turned urge vein warm watching wet
bd8d95f8-fb2a-4c01-92fe-957bcb89b4dd,apart ask baby beach blood bring brings bunker buy city clunkers cold come confuses door drive dynamite end excites fall fat feel flow fly free goal hand hear hold hotel joint know lie like loud love man mind nice night outfit paper pretended pumper purple quiet real satisfied sick smile smoke stand standing straight sweater tell think tight walk wash watch wearing world
be0730fb-23f0-48a7-81eb-33adf84866a3,afghan friend loot
be61c404-ecf8-48c0-8bd8-d94bd08c20df,break convince convinced firsthand forget guy heart homeless ice know lady little look love need news place random sea stop sun surfing tattooed tired wave
c0ec2b5a-2073-4567-9b16-e550943500b4,alcohol altar arm away baby benefit big bitch blob booty break bus carry champagne city cocaine coke contract crack dancing date deserves ecstasy exchange face feeling fucking future girl give greet hard heart heroin high housewife hurt know life line look love marriage mom noon photo pissing potential raise rapper ready recognize republic shoot sip snow stay staying student talking taste time tour waiting way
c0f27a67-d7b1-4aff-a226-22ce06db2c65,bad bitch black block boy breakdown bring buy card care cause champagne chill choice city clap code confirmed deserved drake earned ex feel feeling fuck genius girl guess hit jump kill kiss know leave like look love ma magnolia miss neck need net new option photo rap real riding safe shit shorty skate skit smoke special spend swear thought trade trap weak work worth wraith
c14ea470-4e92-4036-bc51-556d0baa7f15,afraid approved away bed come corner deny drama entering give heart intention intimacy kiss know like long look love message mouth need parent run slow stop straw surrender tasted time turn
c153f17a-ef15-459e-a22d-1f00303bccd5,away bed buy calm changed checkmate costume depression enamel enters erased exploded failed fever flight forgot give grief interesting inventing key life line living longer mathematics memory mind party passed plenty saw sound stayed think thought ticket told train turn vacancy walking wallet worry wrote
c24171b0-9c96-470e-81c8-0464f8133711,awake faced far feel heart lie removed understand wait way
c3ca8d4a-0f03-4f16-bdb8-c6984224e8b7,bad brother damaged destined feel fuck girl good intestine knife know lesson like look mind mood moonlight need phone planned pussy right shot spotlight
c485f27f-d932-4af2-8e1a-5b079530adb2,care cause change choosing destiny explain feel future growing late life looking loosing lost need new short space stay strong time trust version winning world wrong
c529ffdc-0866-414d-9d6d-1585c29fdd74,believe betrays boob boom cackle cinema crazy dad desire different dream eat end eye finger fool gave give hard heal hungry know late lesson lie life like lose love man matter mind mud night people pity realized recess rest romeo ruminate saw sight street stupid swimming tell think told treating trusted ugly victim walk
c8565384-e03c-46dc-b062-a2bd0acfbb97,alcohol amused angle ape bad ball believe bitch body bought bout bowl business chain change check chief claim clip clown come cop coupe crazy crowd damn danger dangerous dealer debt diamond dick different end equal equity expensive fabric fame famous fast favorite field free fuck gang girl give glue gorilla habit hang hater ho hop ice icy inhibition jet jewelry kangaroo king kneel lavish legal lethal like lit live look lord lot man meet missile momma money monkey motorcade need night offset ornament pay people plane pocket pool presidential pull ran reign residential reverse roll said save seen shield shift shit shut smoke spaceship stack stadium stage star style super tell thank thankful think tournament undefeated vitamin watch weed zone zoo
c93f8f45-a730-421e-8a0f-557a42ee1baf,ago allow approach baby beauty brown club combined come confidant crazy dance dare delay dexterity dream eat fear figure firmness fit god good hand highlighted hit hour hypnotize impossible invited know life like liked lipstick long look looked love minute night raise rich short shy single slow suit time waist waste woman
c9946e1c-1f08-4191-82d6-cc0a9169761b,babe body boy color come fly hate know left like matter mentality mind mouth partake point ran right shut state stop tear time way
cc55edd0-af38-435f-a7ea-6ddb0a9224d4,able belongs bridge build come confuses connecting cupid day desert disappear edge fall far fateful flying free fuck ground heart inside labyrinth life look looking missing noticeable pretty reach scattered shaped shine ship sky sniper space tower trace unit unknown view wandering wiping zero
ccdaa012-b31b-4530-9a63-8334b6af2c0c,base know pal
cd6eb1fd-ebef-413a-84a3-17968ab7f413,break breathe come dialed edge escape eye feel feeling game hard head hooked know late lifeline like look love mind need number obsession quarter sin skin sleep song spell tell touch truth
cd73ae0c-f220-4e56-8425-7481880cbd17,able answer apple aware away best book coke corner cutting definitely desire drank dream ease easily feel finger friend give glass good hated hint hurt kind known lied liked looking losing love matched mum nervous opposite park peeled person quiet reading reminded right room run scab scared seesaw sex small speak started sure swing talk think time told unmistakable wonder
cd779400-12a9-4b77-9716-556df7931fc3,alright ball belief believe big boat bone brain burning care cause chasing deep explosion fight friend hear heart home inside know left life like losing lot loud match miss motion ocean open play power prove right scream sending single sleep small song starting strong time turned voice wave worried wrecking
cdc05a26-f22c-4cd8-bf70-672f2800a27f,air atmosphere bare beautiful bone century child cold fear flown foot hair mind slow smell stay sunrise tone watch wood
cdd8d006-82b3-4a66-a500-3e530395e080,ahead asleep awakening away baby beautiful believe darkest day dream driving edge fall give good heartbreak heaven hell knife know love miracle mirror need ride rude selling smoke used wheel won
ced8e0cb-a286-4a14-bf04-7903467e6c34,broke choose closed conversation despite door drake drinking drug feel fine girl hand heart jeopardize know love manhood matter night real recover refrain reputation right suiting summer tested think trip vice way weak wild yelled
cee61c9f-f914-4f67-8b22-7a7d4012fac9,ago baby burning cause cold cut danger day drink ember expectation falling glass hate heaven hold know like long loose lost love machination mind older patience plainer raise remember saner smoke surrender tell tender time toil turn understand
cf1de8fc-d2bd-40eb-9058-72de92c47535,alright away baby balling buy cause come die fancy flaw girl give goodbye hold honestly judge knew know lie life locked lost love low man money need play real ride right showed spend stay stick strong tell trust
d00306ae-ca0f-492f-bd52-3ae29a8ec6a3,dark face game heart highest hold kingdom know lie light love place reign run step strong sun tell truth
d1513e65-fc61-4ac8-88cc-9d12cba1b3b1,airplane alcohol baby bite body bottle bristle change coming couple dale end entire fear feel finish game gentle give grace hard hurry hurt intense kiss know laughter lie like little look love ma model monster mouth pact power scare sealed secret slow smoke smooth sound star tell think tickle time turn undecided world worry
d294f5c2-084a-4f1e-b98d-390be129f909,admission aggressive baby bare broken cabinet close closer come dish floor good intention kitchen know leave lie little looking losing meet mess mind minute need objection pouring pride pull regardless right running sat seat skin stair stay step tap unaware wet
d2bcabb9-2f66-4891-a441-d45a5af1ada7,afraid anxious bathroom blood breathe caving chill crawling drink ease feel feeling floor give giving hate help home insecure laying like looking medicine mind need overwhelmed phone skin slowly strong telling wall way
d311b6f7-ca36-4896-ba61-169bb81c1068,baby bluff cause clue come give guaranteed harder hurry know like little lot love mad rough soft spot stuff style talk tell think time true waste won worth
d4161c55-c26e-420c-b943-aad9d8940a10,air alley alright arm baby backstage backstreet bad balance ballet banana bank beef big body bout boy break budget bullet bullshit bus cab canopy cash catch cause chill chromed coat concrete cop crew cruising cut damn dancing day deal dealership dope drag dragging drop eagle embrace face felt fish follow forget free fuck game gas girl give goddamn good grandmaster hair head headed headstand hell hello helmet honestly hook ill kickstand killing kit know land lawn layer leather leg lick like listening little low lying mama man mayonnaise mirror mom moped mow mullet need neighbor ox passed perusing pike pimp place player pulled quick rare raw real reprimand ride run running safe said salesman sassy scrotum seat seen shit sit skate ski slick slow sounding stack stance stick stone stop store street stunting suit tail tandem tank tear tearing throwing toeing town valet view waist wall warm washed watching water wheel white windshield wonderful wristband yelling
d4848200-1284-4d62-bbdb-6e0dd52022c1,arrived attractive beauty belt clock crazy dose drink dynamite face good hand happy hard head horn hurt know knowing like little love night passed perished pretty queen remember right rode said scream stayed tell think time waiting wall
d4db23a4-e41f-4e53-9606-4d7de639b0c3,baby boy broken cause coming dancing day ex fool hear hearted know leave like lose message music new night parted party read single stop time touch turn worst zone
d5777da7-da10-451a-9428-40864a6bd0fa,act baby bad band beautiful bitch blow boatload bottle bozo bright chain clown cold come damn dial diamond drop end fifth fit fold friend gave girl give goddamn high hit hold inside jewelry know like lit look mama man matching money neck necklace old overnight promise psycho real rent rodeo roof said saint school seen shit shop short sip slum smoke sore star stuck stuff tell trust ugly weigh window won zone
d61826c3-f7d6-4e88-a856-ddf0cff75dd0,apart baby bad bang beat blaze body booty bout boy cause cheek energy exact eye fat feel finger flopped girl give god good hard hear hot insane jiggle king know lento light like look looking lord love loving mad new night place precise queen rap ready relentless rock sing spot stamen stepping swing tempo time treat walk watch
d69b0052-72ce-4152-a0d0-591215425ecd,beautiful bright bury city come damned door ghost god high holy hope hot inside knew know level light like loneliest long lost mind mood need night run running seed share shine sound standing star stayed stranger sun truth underground war young
d8ca8268-633e-4a76-bb95-c887f950a230,ask buy cause dinner dramatic ecstatic fandango girl home kind know like poser red regret romantic rose seduce straight tell
d9a7e26a-e972-4c56-8f33-b181b8236aeb,awarded baby body bridge dark dear deep delusion distance embrace far feel flex give hand hard hold know lead leave like member mind outstretched past point pure ridicule sea stand standing strike stubbornly sweet thinking thought time
da348092-65c4-4848-b454-21cf7fd00194,ask attack away bad big bitch black bleed bra broke brother bullet burn burst butt buy capital card cash change cola come dangerous day dealing death drive eat face fall fame family feel field finally food forward frank free friend gold green gun hate haze headline heart hold honor hurt intelligent label leaving liar like line loading look magazine man matted mime mirror money night noticed pay people poisoned police price projectile purple rap rapper remains revolver right room run seller separate shoot sick sleep small son status straight studio stunned style success swear theme ticker ticket tuber visa way week welcome white
da892a42-f847-40ac-9b31-bf9b6a809c17,baby beautiful burst come cosmic earth end excel fascinating feeling firework fly foot galaxy good hesitate higher lady leave light little long looking love milky moment month moon moonlit mystical night party ride right rise road run runway shine sky snow special star start stop sun time track universe water way whisper work
da967558-d0e5-4b97-a27f-2108a9ff6de2,afternoon anymore ask aware away bass beat big bit brimstone bucket carpool celebrate close come comma crew cup dawn day deep dot ego exactly feeling fin fit friend friendship fuck good gray heart husband inseparable lid life lightning like long look lover man marriage monument night old pitch pot proposal rest shallow share shut snot soul speak spoon square stay tailor talking tell thunder time true trust turn unmistakable way wife
db112315-28b8-464a-b2e7-012ec2a5533a,ambulance asked babe bag bed biggest bit bullet calm cigarette clock cloud comb come dance dead defeat discipline dream dust emotion end experiment feel floor forget friar hand happy heart home horror hour inside kind knot know law learned life light like living man map marble missile money morning movie night obligation phone pierce remember rest room saw scratch secret shirt skin slap sleep sleepy slow smoke sorry stand stay strophe swallow talk thought time toxic track turn turned understand wait wonder write
dce132bc-3d91-4c13-8f19-ccc38a4a704c,angel anthracite asleep awake black blunt bus butterfly city date devil eden fall feel fly forgive friend future garden give goal god hand high independent inhale involved know lead lean life like lobster mom need night palace paradise pigeon play precious purple raven rock roll shade shootout shoulder sleep smoke snake sound space star stay stoned studio think tour turn union vacuum wake warned white wonder writes
ddbaa15b-15a5-4fe7-a2cc-52a08c064fdc,air bathing beer blow blue body bone brothel car cartel come endless establishment eye feast give good happiness happy head heat holiday kiss left like melt minute mood news nice office orange patron post prefer queue quickly rhythm right saint salt sea send shirt skin sky smell steering summer sun sweat swim taste tell think touched traffic violet wedding wheel white whore wind
de7810ab-bf48-401b-b0e2-448305b0cb0b,bottle club crazy cut deep girl home kill overtime party shit think town weekend
dea355b8-6f3d-4826-ac09-050e7526d1e9,anticipating beat bewitched breathe care charmer charming clearly come confidence dance dream easy fake fallen falling game girl heart ignored know lay life little live lonely love night non people play played said skating sleep speak time voice wait waiting whisper
df42c0d5-ebbc-4209-86a9-55dffb0bd4cf,baby blink breath broken cause chance close disappeared dreaming eye gold goodbye heart hold kiss know like longer lose love minute moonlight movie promised pulled realized regret relief run scene silver smoke split standing tear time truth walking whisper woke won
e082aee2-de77-479e-97f9-97303c956eea,alright assume avenue bang bar begin case censored clean come crazy expect fall feature film fine fishmonger following gold good guy handbag heel honey husband increase kill leave little long looking love ma mafia man marathon measure mess motherfucker new obliged pain people pilot play pot prototype run send shocking simplify singing speak speed stamp sweet talk team tortured train volume way weapon wheel woman
e08e5076-23ee-4a61-b35a-fc89857037e0,break brings cause come dark feel fight follow forever good honey inside know known leave like love mind need push start stay touch way
e119d068-307a-43b6-90d4-5577fbe72f8f,ask big box choose come complicated dark darling day deep desire disturb embarrassing enemy envy fall followed freedom friend glass hand hear heard jumble life little live love man mask mess mixture monkey opinion path people sage sing squeezed tidy understand waiting zigzag
e23eda7a-5f96-43fa-a666-5c9bd1957a35,baby bad bang banging bank beat believe big billboard bitch blow bobby body bout brain bunny certified chance close closet club coat coin coupe cover curtain deal diamond dipper disco district dollar driver driving drop eating ex fact flexing fur gang halal handsome hard high hookah hop hot hotter jag jeweler jump know lady lam like llama look need nervous new pen pin plaza proving religion rock roof run said shining shit sock sorry soy spend spicy stunting tell text told watch wrong
e3004078-7376-4bbb-be7b-e156ae57b532,advertise break burn care crazy day dread eye fault fear finger give glass grow hurt know little looking losing love ready rice scary schema shirt sink snore sofa stain stumble
e35671eb-b789-42a8-b617-186957f52d26,allow babe band bar barrel believe bless block bone braid break car cat chain chart check climbing conquer corner create dance design devil diamond disease dog escape ex expand explore finesse flex focus fresh game girl give glowing hard hat hate heard heart hoe hurting hustle jumping knee know lame law left like line listened loaded lock locked loose lord loss man message muscle new number open pack pant peeped plan pocket pours praise protect rain ran rat refine return rock rocket roll saw shade shine shot smoking snake sold speak squeeze stage steady stepped stock stop text thanks think time trap voice waited way weak window world worry
e455c8c7-085b-42e8-b2ad-7fa0c37ad0f6,action addicted alive argue ball beat bra brother capital carry cell chain chin class coin college come coming counting crass crook cruel dark day different directly discussion drug dust enemy exception fat fist flow forgive fuck gang ghetto give grab greeting haze head hectic heroin intoxication iron kick know life like lucrative man math mistake money mouth music neighborhood night notice open option packet police price protecting purer quality radical rap rapper reaction real reasoning registration remains right role roll round sawed shoot shouting smoke sound spread stage stairwell standard stanza statement stay steadfast talk talking taste teacher team threaten throne tick time true turn ugly vein voice world
e80437ec-4bf1-400d-83df-2dbaef8cb4f5,alright arrive arrived asks bar boy breathed bring cat chance come concept conflict count defined dictionary eye finish flawed following hesitated knew know lathered listened looked milk mistake morning new old ordered quiet quitter reason right said simply stop stretched tavern time told turn wise
e880a216-bc17-4404-b067-3d37901266e3,announce ask binge break carnival catcher changed conqueror couple day deny dollar fuck gave hear homemade left love pillow present retired roll sheet stopped swear wall wheel
e93e78ee-9648-4628-85b5-38621c9d8c3b,bass bottle brain calypso cause cool dip familiar great hip inside kind know later life like low man mind model need party pour real roll shake simple taste think vibrato waistline
e96ec10d-ce04-4cc6-9a26-f402cd0efece,alright baby beautiful believe boy cause couple dash easy enjoy fake fast foot girl guy heart hold hurt kick know lay lead lie long love need pretty relax ride right road supposed time tired treat uptight won
e9e98273-5d59-49de-9632-4208b1c2de02,afraid baby believe blessed boy come company confess deserve different feel fight flourishing god hand know lay like lingers love midnight mind pray relate rest said save slow soul tell time told touch track universe waste way woman
ea52b4cb-4c9d-49cb-9658-efc3e1729547,apart away believe blown body break breathe cause change changing feel forget hard heard heart kind knee know left like love mind old peace right said shit sick spending tear time wasting won
eaa7228f-d6f6-45eb-a194-ceb0efa3d8f4,admit attention broke deny door doubt faith game gave hoping joy key knee leave lord moping need open shirt showed sure tell turned warm
eaf03816-d4b5-4ace-b996-7fc62376f760,allegro approaching attracts bit caramel chanting come dance dancing desire dreaming evening falling faster feel flirting glance guitar happiness jump kill like looking lose love magic museum need paradise people rebel said sea singing sliding slowly smile song spirit statue sun walking wing wonderful
ebe4d9f2-2a0e-429b-99aa-f49cb9ce8e33,afternoon air anymore away black boredom bridge bring care chemistry class comparison confidence dawn deadline desire different dinner dress excuse false family fault fly freedom hears highway home human interest judge know knowing laugh leave life longer love magazine mask mind miss mix music party people personally phone prefer quiet radio reading rude sea sentence speaker spent stomach strophe throw toast travel unconsciousness understand unnecessary vacuum wheat
ec650964-4832-4676-9b72-215c59b3e8e5,act apart apartment art ash beautiful bout broke burn changed cigarette cold come dark day delete drunk end fall feel heard heart hope know laugh lay leaving life light like living love message moved new old paragraph past pretty ready remind reminiscing rest right river settled sit soul start study thank think thought time told tool tray trouble truth turn used walking watching world write young
ec857a03-7008-429d-aee5-f374f648fc56,ache bed blow break change cough dead drastic dream easier end evil face fake falling feel forget friend gave girl grave hate head heart inside knew know landing left listened listening love lucid mistake past plastic point prescription prettiest replace ring room said shadow shit tangled thinking thought watch way wedding wind won
ee7c7fd0-c029-4c07-bc4c-3fc667954091,begin believe change choose close closed compromise crave darkness despair destroy dream emotion escape escaped exit eye freedom give grasp headed heart hole hope hurt know left life light loneliness love need open order path place protect reached rejected right screaming searching seen smash start tiny touched voice waiting wall
eeeb7449-a285-48f6-81c1-9f6eedd9f2ce,carry city clouded current day driven edge eternally eye flying give hand happiness insane jump light like look matter melody mistake nervous night notice passionately place seeing sound spark star tender time trap trembling wasted won
ef184794-815d-4f5b-9b9a-f814c38059d7,baby backwards bed breathe cause count crazy drunk eat feel finally forward friend heart kick know learn like love mind morning new night pattern perfect phone pick practice read rehearse repeat rule save sleep standing tell time turn wake way wrote
f02d07e6-bd53-42af-b197-1cef4285a30b,anymore apart breaking clearly difference dreaming fell felt foot forgotten free heal healing hear heart hello home hope like matter meet running secret sorry supposed talk tear tell time town tried typical used wondering world younger
f365cce2-3b03-47d8-9841-595def386239,babe bass bed believe breaking cell come couple crazy depress devour disguise dog drink drunk enemy failed fame feel forget forgetting friend gave giving glass hard hiding hit ignore impress inside kiss know leave left lie like loneliness lost love miss missing paid pain phone promise punishment reminds rumble searched shit sick sky song sound talk tell think thinking time truth understand weekend
f39fd37a-8a97-49e2-a7a2-a78a06be2866,achieve afraid antidote bridge change changed come complicated concept consequence degree distant feel feeling flight forget give hear icon illogical impossible insecure kiss know letter like listen longer love ma miss missed missing music new poison post ready recently sign spent stay tell think time wait way zero
f5a3bd73-7de1-4d5e-a4ca-b409269d419e,body change chest closer come day face far fell forget forgot gaze hang heart home hug indecision kiss know life like living look losing love moon need paradise quit song star talk tell thinking tightened tightness truth
f6c8cbd5-446d-4d87-9f94-79453d33cb24,away cause change come escape explain feeling forever game helping hold human intellect know like looking need perfect playing realize reason saw secret stay stranger time walk wasting way
f9bcc3b4-5f03-4421-b7b1-dd6768d772f7,babe baby bad body crew dine fun hell hit incidental innocence kiss lean leave like limo long love memo naughty pedal ride said send signal sound wait wrong
fa4a5c68-e506-4d3d-82f7-6c7e7a9bc42f,accepting affectionate baby business chosen complicated day favor feeling forget form hardest insists know love messing mind need nickname past pending person present ran recent secret situation term used working
fd148f15-433d-44b9-85ff-f77eb0cc922d,ask change city cold connection day explain face feel fell film final finally fine follows forget frame gray hard joy kiss know lot love painful playing pretend produce prom radiating ray repeated role sad sea send serial sharpen shoot shower song sorrow soul spraying stay stop story summer tell tired villa walking wave
fd3f2414-8ba5-4def-93c6-a63d11ac14d1,best bring brother bundle bunker cannon cartridge cash china chunk coal colored come criminal deal drive east easy engraved eye fall floor ford freshly game glass godfather gold good guy high hunting iv jail know lead like matter movie need nobleman packed people phenomenon pistol play price purple radio reason rich role room scene serving shot song street villa way weapon
fd7dc04c-2b5b-4de0-9755-b25afe3944c5,alive away bone day fear feel fight glass guess heart hello hide home hope know lovely mind near need night place skin stay stone tear thought town way welcome
