UUID,words
00bc06f6-8a74-4903-a6f0-0041e18c60b1,alive baby backwood barely cause close come day daylight drive drunk flight fun girl good guy hour know late like love need night play right roll run shit spent sundown thinking time way weekend
01232859-5678-46ad-8e30-acdae3bcf290,babe bay breath burning day feel figure flame foot know lead listen look love moving pain past right running send stop strength tear trip voice
027fe2a9-b89a-48c2-ab23-886aa02e7ef9,body cause closer dreaming feel hate know laying like mind moved night shirt staying think tired used waiting
0320831a-bd34-4a66-8620-29f1f7c6b707,aching apart baby build carry caught choose comfort crash dark different direction door hand head heart idle know lose love matter ocean play question right run sand shadow soul sure tear tell time velvet wall wave way wipe won
05338ba6-1b06-4b8d-a342-0bb127ec7566,airplane alcohol baby bite body bottle bristle change coming couple dale end entire fear feel finish game gentle give grace hard hurry hurt intense kiss know laughter lie like little look love ma model monster mouth pact power scare sealed secret slow smoke smooth sound star tell think tickle time turn undecided world worry
07fc9af2-4810-4620-9090-3ac1dde8e665,alright ball belief believe big boat bone brain burning care cause chasing deep explosion fight friend hear heart home inside know left life like losing lot loud match miss motion ocean open play power prove right scream sending single sleep small song starting strong time turned voice wave worried wrecking
08c2e58d-4ba5-44b0-abfd-e769d51d4314,babe body boy color come fly hate know left like matter mentality mind mouth partake point ran right shut state stop tear time way
0961f906-7c79-4ba8-aca0-0aa4d9876979,body champ charming coffee continue cup draw dust face falling hair hand hanging hear house language leave like line lip little long lost moment nice pen people plan remains scar share ship sorry sound speak stand stop suitcase sun talk talking taste tell think time understand unfortunately wild wit
0a63b085-f55d-4a2a-954b-b9ea5bf0a0fc,arrogant baby bad balloon bar bikini bit bitch body brotherly calendar carry cat champagne dale dancing deeply destination dirty drink drive end feel final fogged freak freaky free gender ginger glass good gray hater head hold hot lady land learn leave like live loco look love member men neighbor nervous night nightmare nose old open overseas package pointy prudent ready regular remember ribbon rich row saw shit shoe slimming slow spike stare sun swim tea tinted treasure trip vas villa vitamin wait water wearing window young
0db30d12-7a8b-411a-aea7-3dd60e432a05,awake faced far feel heart lie removed understand wait way
0e876bc9-584f-4bf4-b91b-9435266a8dc4,alright amour assume avenue bang bar bout cachet censored come commence et expect fall femme fine fishmonger good handbag heel honey husband kill long love ma mafia man marathon mess motherfucker new nous play pot premier prototype rend shocking simplifier sort suite volume way
0f44856b-5701-4ad2-a134-0ebc06f4117c,day dressed girl great happy hello holiday like long lucky mama mite motto party ready shine sky summer sun sunshine weather
11aa8ac4-72d9-42b9-952e-b02bde1213dd,bet choice completely conscious crazy dirty god hand happiness happy imagining impatient inconsequential know lacking looking messing mind mistreat notice people play putting sick supposed surprising way weakness wrong
11b59599-c798-4f12-9f96-fdbe9c58387a,act ball basement beam biggie billy blow blue blunt breathe bring brother brownie business carnal check cherry city clap coco combat come company cookie cracked criminal dead diesel digital ditch drive drug east enemy erase eye face fell fitness fix flow fore free fruity gang gas give gold goon gringo guess hall hard haze hell hit international ix jail juicy kill knee knockout law lead leave lemon light like loco love mama mask men mickey mike mob need new noise number order pavement police pool pun rainbow rick road round rowdy run salt scream scum semi shit shootout shot sit sketch smoke snitch spark stack station stitch straight street sweet tale talkie tell tie toss tr trap trill walkie work wrong yell
123e2108-d2a8-44e0-99c2-6cf8d2c7556f,account application area aside asked bag balance ball bitch bra brother cart change child clear college come count customer damage distribute double earth eat enemy fat fitness flying fuck gangster ghetto good grab growl hater horse kill know later leave lie life like lion look match minimum minute money nerve noodle notice original pack passport people plan pole press protection psychopath push quality rapper rejected request rest roll scruple shake sheet shop shout slut son spicy stage state steak stomach table talk teacher tell throat wage waiter world written
12bb999b-9892-4c67-ad53-9dc38d4005f3,alive away bone day fear feel fight glass guess heart hello hide home hope know lovely mind near need night place skin stay stone tear thought town way welcome
13ad32d4-e685-4531-816c-9d985610ed29,account bad boat bounce boyfriend care drunk enjoy fall fifth fuck good hair hurt idiot kick like lip look love lyric nail post pull rubbing seen skin space tell think thinking time tremendous understand woman
1503bcb5-a862-4601-8203-82edd81a7a7d,amazing baby crazy drive feel fuck game hazy know look play shot slow talk world
16301e55-d806-4e06-9a93-722ce7e88d71,abuse ask away blasphemy brain bust certain change check come day deal docked door forget friend grenade gun hand heathen intention issue knew know like look loved mention murderer newcomer outsider people psychopath ready room said sitting slow smell stay stayed think tried trust wait warn watch weird welcome
17c9be57-27cd-4959-9a87-fde6bf2f5848,accelerates accommodates adrenaline arrived beauty begin burning care continue control corner crazy dance danced dancing delicacy dominates drive end engineer enjoy excuse eye fashionable flow follow give head know leave left like looking ma machine mess miss mommy monotony music night oil power problem rhythm rumbling shake solves stick stop tell think time traveling weekend woman world
18d7b04b-838d-4061-8479-bf350a045e07,alright angry board boy bridge darling dawn dream fine fist give higher know life look love rising run short sing stir stronger sun tear think tight time voice way won
191c2675-351e-451e-9ca9-79a995aea70c,arrive asleep awake bet blood bout boxer cheekbone chew corner day fine fly give gum hand hell hit hope lay left like lying moment mouth nice note paralyzed pump rope said sick spit stand started tell thinking thought throat time tired vein watching wonder world worry
1d1077cb-0c4e-4af7-9732-77a98398d6e4,babe baby bad body crew dine fun hell hit incidental innocence kiss lean leave like limo long love memo naughty pedal ride said send signal sound wait wrong
1df3a71e-deff-44f0-a4a5-13b69789810a,aching bad blind cause changed doll dream fake flower forest forgot fulfilled gave good grown happy hell hidden know leave lie look love mad man mirror perfect pretend pretty route sad sick sorry stranger talk understand used weakness world
1eb75bbf-b122-4dc5-ada4-65ebab3f2258,achieved air anymore ask blood bomb bought boy bridge car changed charge come crashed dad day different dig dream fall fan far fast father favorite flex future give god gutter happy hard hold hood hook hope know lie life line longer madness mama men millionaire old opportunity peace phone pocket post pride proud pull push question rewarded run said sale shit small son star store straight street success swear swipe talk tear tell thank throne throw told turn used waste work working
1ed16568-0b33-4de8-b0d9-ffd57af8e72f,bite body care cause cherry cool curious die fuck fun judge kiss like little mind mother need paradise play prize right scared secret summer taste tell time won wrong
1efa8d6d-0fca-4681-900f-f0fbbf928d43,babe base best bitch cause coat coke decaf drug eighth eye feel fore fucked girl good heel hide high hill judge knee know leg lie life like line live love moment motherfucker panty past pill play president real rehab relapse remember safe said saw send showed simple slide smoked started strung stuff tempo throat time told touch trust wraith
1fde8932-da88-4276-bc7a-874b16435178,cause company easy exploring eye feel feeling heaven kiss know like lit look lost loud love message moon morning music need night passion real skin sleep smile time way won wonderland
21350f38-f651-4c36-9b2d-12deefb5f191,alike baby bled casualty cheat crazy cruel damn dipped exception falling false fold follow fragile give greedy guiltless heart honestly immune infected inside kiss knew know lack legacy lie like liked line little mind neck noose place playing pool pride psyche red regret reset road rule ruse scheme scream sleep slipped soured spotted stick sure sweetness tell tempo think thought time tragedy tried trust turned wasted
21e114e4-fafd-4f24-886e-aa09fbc27156,away bridge brother clear crazy door eye fight friend haven head insane inside known like look looking love lover mess morning obvious polite pouring push rain reasoned refrain said shame shit spell talking time told turning
233b4d87-2ce4-4c63-92a2-ddbe4ff054c3,air arm arrest beautiful beauty bed blaze boom bring bye come crime curve daddy dancing drive eat edition enter envy exist felt forgive girl give good grave greeting hand handcuff hard hit horn insurance know leaf league level like look machine material mind mom number paralyze perfume photo plan powerful ram recipe resounds said saw scandalous scheming shine silent size skin special star stick street tell touch tough upload uproar watch whispering woman
24d66702-ebbf-4660-b8a6-1065772cc710,adult ahead alpha anymore apartment beautiful bed best biggest book burning car certainly changed city clothes come cut dance dark deny disappeared dreamed eve evil expensive fan feel flower forever forgiven forgotten fun good gossip hair hear heard heart home hope ink intellect jewelry kick know late lay lie life like listen live located long looked looking lose lost low meet mirror mother obviously old omega pencil permeated picture pillow plastic play prayed radio rain rear released remember right road said saw scratching secretly send shape sleep sneak song spray standing street survival tear tell think thinking thought throw time turn used way window won world wound write wrote young
25046788-85ca-44d7-8400-f095daff3c77,ask baby ban bass champagne club dance fan floor hood junk know minister patience patient power public remove request rest school shower sorry table test thank turn volume world
254e6001-d91e-435e-bc57-6c952fc9e874,ask big box choose come complicated dark darling day deep desire disturb embarrassing enemy envy fall followed freedom friend glass hand hear heard jumble life little live love man mask mess mixture monkey opinion path people sage sing squeezed tidy understand waiting zigzag
26280bba-4735-4a6e-8a1b-579555b88fa6,adventure bus chest cold college coming cried dehydrate eye friend headset heart hidden hunger joint lost lot love mouth need regret saw screw shared sleeping smiling snack soda spent stop weighed weight
2698cda4-ce7e-4d9d-814b-4236ca113c09,baby come counting easy girl like love melody ray repeat simple sing sit think
2884ad1f-6820-4577-ab6d-748299cd1c0a,arrive ask away baby bad calm closer drop eye fall flex gal goodnight high king know lie long looking love lover matter moon night ovum pull push rain resist return roll said sea sex sleep special storm strong summer sunny tell think time wind winter
29d1b93d-3364-427e-a29c-c42bc370321c,blood cause dare ear easy eye fall flight follow forever fuck give grace hold instinct know learn learned lesson like longer look loss lost lot love loved mind old quit soul sword tell think tongue trained way wing won working
2a6187d2-050c-4bf8-a63c-cc7717eda3e6,accepting affectionate baby business chosen complicated day favor feeling forget form hardest insists know love messing mind need nickname past pending person present ran recent secret situation term used working
2b1854e0-3b58-48ae-9dbe-7f234830eca9,absence attention away baby beauty believe big charge chocolate courage crazy day desire disappointment dream drum failed fell finished floor flow forget frustrated given heart hope hurt illusion imbecile kid kissed know lady late like lion lose love loved miss night pain pardon pass passed recorded room seeing sexy stand stared tell think time write
2c013a3e-3bba-48d7-b3a3-2204e8d1a3ed,anymore bad ballad beast body boom cheat crazy dale eye feeling give glass hiding highlight home honey inside know light like little lot love lyric missing mom movement record remembers rich saw seen site skill speak surprise teacher tell thinking turned
2c957b10-783a-416d-bc06-c89eeb8585f5,arrive ask august away bone bye change chase close corrodes cruel early evening far feeling felt finger forget girl give heat high hitchhiking hurry journey know liar life like local love low moon night paid people premise promise realize rock sad saw scent sea shaman shatters skin stay swim train trouble water way world wrong
2cb56459-b9e2-429f-bc57-6ec9afbb8e02,alright analyze arrive ash ask baby best biggest bit clearly conclude couple curiosity deserve evening fall forget formula game gave genius give giving grows hope interest leave lent listen little look lost lot love lying madman men mistreat moment month morning past pay plenty prefer promised reason return right sorry speak stay tell time turned understand use
2d08732f-f76c-4aba-87c0-d62ae0cc5717,alarm apart apartment ask away break bridge broken changing clean come dark darling drunk face falling feel give god hand healing heart home know left lie love man park phone promising stay stumble swear touch trust turn used walk won
2df6aaf0-3114-4ff1-90e3-2e7f98150a46,beautiful bright bury city come damned door ghost god high holy hope hot inside knew know level light like loneliest long lost mind mood need night run running seed share shine sound standing star stayed stranger sun truth underground war young
2e9d01eb-db10-4dec-bbcc-cca5722255d2,door hear ho hum know pal sorry
31066cf1-c8e2-4cce-924c-b15ca923a3f0,baby bag biggest bitch bottle bra bring bum burst capital chart chill class club college crazy drink drunk dun fast feeling fight fuck fumble grad high homeland investigator jam leave like live money passport realize rest roll run sack safari slow sound start stunned sweater turn wheel woman
3249bc09-368d-4d7c-8157-e68a49041887,beggar bet bit bleeding buck chooser damn drink drunk fuck give hard high impatient information lip little living pay picturing room rug stop talk telling think truth waking yard
327d9501-5512-4fbe-8144-55a27eb559e4,advance ask aura autopilot away baby banker black brother car carry charm cold coming connected count cut cylinder directly dirt discount drive driving early emergency ensure evening fact gel handshake inch jack jacket jogger jogging lawyer led like massage matte matter money neighborhood new number outfit pack petal phone pick play pointer polish president prince pushing red reflects relaxed rim roll rose run saluting season seat situation soprano speedometer state street suit throw vacuum walk week
33520753-f530-473d-9cf1-5d5944483c26,aim ask away breath bridge bulletproof chase crazy face felt gun hazy heart hook hope lately loaded looked lucky moment pretty refrain room saw sending strong sucker true turn turned vibe
338b8889-b067-4524-b342-9d5d01ab5e3e,angry baby bad bridge buy case cold come contrast cup dinner doubt drink drop ended eye feather fillet final grill happily happy hard hell home hope ice invite late like long look looked love man meet nice night parrot pole problem read reason refrain saving shot smile song steak summer tell turn use world writing
33d319c2-bc32-4dd6-8f8d-7c018c0c180e,able advance ambulance anymore ask bit burst combination day drown end fatal finger gab git give house lend little lodging long number numeral numerator oak page refrain singer sit slow sure tram use way wept wink wonder work worry wound
34d04c3f-3e4d-48b3-8d6b-fff424fb7fd5,answer arrives baby body care caress condition crazy deny doll dying enjoy escaped favorite feel forget hide hobby hope hug illusion kiss know like long look matter mind miss mom mouth need river sea skin tell touch truth understand
352ab830-d66e-40e6-b133-a4a02d230476,answer anymore babe baby bad believe best bit bitch blatantly boy bra capital chill club color compete deserve disappointed drink fallen fast fight forgive fun game gas glass hangover head hear hook hurting know leave leaving like lot loud love melody miss missed mouth pussy question scar screwed sip stable station stink stranger tell thief thought time way weekend wonder worried
35387f2b-aa16-4d4e-9182-cd965b649161,alright away baby balling buy cause come die fancy flaw girl give goodbye hold honestly judge knew know lie life locked lost love low man money need play real ride right showed spend stay stick strong tell trust
356cd891-32ca-48cc-93ff-6bf7542142b6,abyss baby bother case come coming digger dream dust easy eclipse enemy fall fallen feed feel feeling field fight flipping girl give goodbye grave hand heart hope kick kid leaf leave left like little living love mama mouth need peace rebel shelf sitter stop think time wait wall war won
357a8dc6-afd7-40a2-ba7c-60f039853d0f,arrive automatic baby bed best bitch bring cannabis come control curfew drama drop excitement feel flame give goal heat house know lady leave light like look love manual marijuana meat morning pain pajama photo pillow pilot planted remedy romantic room ruin season seasoning secret send shock showing sleep stayed tell theater time traveling turn video wait way win world
36e37c0c-f176-4b35-8c2d-6f20032471a5,amen band bar bass big bitch bitter blind block body brand break brother business catch cause check chicken civilian content crazy curtain cut damn dance dark deal digger dog drop event expense figure flipped floor flow fuck funny future gimmick give grave hand hard hardly head hit hot king knew know left light like look lord love man misunderstanding moment money offense owl pack palace play prayed printer profit public ran rap real reason represent resents resilient respect revenge ring said scared shit shook skinned slice slime sneaker standard start started stop stopwatch super sweat tall time told trillion wedding wig wild wrong
397fe04d-cb04-4f7f-a66c-0d6eea684bd6,act acting answer anymore argue arrive august avoid baby bed believe bet betray biggest boat boy boyfriend brain bridge brute bunny buy cash choice come confused cool crazy dam dark dawn day dick discount discussion disguise door dream eat enter fake flashback flight friend fuck girl god hard head heart home honey house husband insecure insert judgment know lair laugh leak light like listen little long lot love mania matter message mix morning music new night nightmare package paint pant pay piss playboy present reason ride ring send shake share shit shot sick situation slow smoke sound store stronger studio suck supposed talk tar taxi tell time trick upset vagina voice wait warn way
3a0c7a5a-ec9a-4fe7-a888-b697a16eecb6,afraid anxious bathroom blood breathe caving chill crawling drink ease feel feeling floor give giving hate help home insecure laying like looking medicine mind need overwhelmed phone skin slowly strong telling wall way
3a87a14f-11e2-4460-836f-475dc89942b2,babe bone closer dawn dog eye give healing home karma king leave like love loving mercy pull screaming secret share size song stray subtle tell trouble
3bfea206-d2c2-4d8a-a667-8a44d8f3e0d1,alive arrive believe best burst comeback day diamond die feel fight hard hold invisible know leave light like listening night overnight right rise run sell soul stay tight time underdog worry
3c0aa265-3093-4445-baf8-b7f9aaab982f,away cause chasing child day difference drink fade fall father forget happy haven high history husband kept know learn left life like listen love lowest memory missed mistake night non pretend regret right road rough said sing song tell travel way wife won world worry wrong
3e39da7b-6c1a-481a-87be-7f0ff9f0a7c4,cause come different door dream end escape fate fear feel fine forever inspire journey know life like lost moment place pretend stopped time true worried
402a7844-23fd-49ba-a65e-9812fba2125d,away best bridge city clear cold collection come contrast curly different exactly far fat give giving hair hard heard heat ice inside know like long lost message moving night phone place play playing prove space start straight stuff think time worth
429f5e04-9e87-40bb-8299-9bb8f4f382a2,bitch bonfire breathe bring business close drink eye feel fitness flame fuel gasoline hate head hear higher hurt kill know light like live look mad mouth poison rain right run shade shit spill spin strong stronger think throw whisper win wisdom
4342aabb-35fc-4ff0-9b02-3b387a5e53eb,add afraid ask asking bad bread bridge change coffer crumb desire dispute dude end fast foot forget free friend hell hit home know leave like little love message missing morning new notice password pen picture piss ridiculous right roof room sit sketch skirt sleep start study time trade understand way weight wrong
43c1a0a1-0c99-4983-b88b-836f05ecb872,apart cause come dead evil faint fall hand heart holy laid land lay leave love man night plan play promise raise run sleep train wicked wreck
441bef75-8667-4d0f-af22-9cbaaf0dccfc,according atrocious baby bail bed big brother catnip choke class crazy cross damn day dead delirium dirty end grandpa hear hell hello hot kidding know like looking money moral played post problem purpose role rumor slept spit talk think way world
46712ee8-fec5-4b2d-a87d-0104a7e21754,album away beef bitch board boutique bra bros brother build car cash change college colorful come court culprit daily dark deep deny diamond die drive easy evidence far fat fine flit flow fly forget fresh friend gas give gravel head hide high hit inch judge know leather lick light like listen locker looking money moon neighborhood opponent paper play playboy police pull purple respect rest roll sale saw scream seat shine shoot shut smoke song star stashed stay stealing street subject taste tell threaten trust understands vacation waiting weed wheel wide witness world
46b45597-db8b-4e96-b1ff-b03cf8fa4fa0,allergy amnesia antihistamine asks ax bad beach believed bona boom bridge certain changed come cookbook costume count country culinary culture curriculum dance discount discounted dispose divide early election eye fake fall far fashion feed feel fit flag forgotten high hippy illusion informed intersection know leader like listen looking lost love luck marathon missile mix music new news offer opinion oregano passport people photo play played polygon pubic raining real red remain republic retreat return scared sea series simple sky smoking story strophe summer tell throat time touch train triangle turn version voice wait waiting water waxing weight wind work world
47755782-6e4c-43a1-957d-9069cb322f4f,air atmosphere change come crazy feel forget friend galore ghetto hand higher invite join level magic magician mambo raise red shortcut sow stalled support usual work worry
49a7df04-8170-4dcb-b161-2eb9e539177a,apparent ate away baby beg bipolar bridge charge come cowardice crouch day entangled entrance evil expect fail filled flowed forget gave god good hate hear heart hypocrisy hypocrite insecurity inside key love lyric mask mommy music night opened patience post problem prove raining real remember share sheet tangled tell thought told tread unknown walk
4a934dc2-61fb-425b-80bb-3615b63075ee,beat change counting cut harmony hear heart hit key lost love melody need night note play reason sing smile sweet use
4bd5e23c-c14b-4cbe-8ff4-6848edd37110,dare music star train
4c6980e5-d83b-458b-b651-5c646bdba8e6,air bathing beer blow blue body bone brothel car cartel come endless establishment eye feast give good happiness happy head heat holiday kiss left like melt minute mood news nice office orange patron post prefer queue quickly rhythm right saint salt sea send shirt skin sky smell steering summer sun sweat swim taste tell think touched traffic violet wedding wheel white whore wind
4ca400eb-8df3-4e9b-a547-c260035725cc,alive behold billion birthday bomb breaking burn candle come day dead dimly doomsday extinct eye feel fool frown funny ground gun hear hit home knit late leader learn light like listening lit living long lunch men negotiation news outgrown overhead punch running saw shaking shelter sight sitting sound space speak start starting summit sword talk think thought underground war week whistling wool
4d4aa4d2-62ee-4e51-b9e9-3624c1f38748,afghan khan loot
4d755795-8be1-495d-9539-5bc9cf385011,baby bluff cause clue come give guaranteed harder hurry know like little lot love mad rough soft spot stuff style talk tell think time true waste won worth
4e3d0c2e-db4e-458e-891b-41819fb1c2f6,air area asylum best boiled bridge brother calm capo care change clear drink energy field fishing fly flying friend girl glass guard hard hater head heavy imagine inside interesting juice like look mom money new orange pink plaza pocket pouring purple putting reason ride right saw shoe slows spelled sphere spinning spying square star strophe stuff sun tail tell throw time turn walk wall waste wave wheel window write
4e4e5b17-459b-49b7-b021-bfa90b15b289,afar anymore bad bedroom bridge cell color come cool doubt embrace horny hot hug invade leave live look love loving panic phone photo room screen seeing stand stay tight time warm
52020f5e-9901-493c-a26e-eb609e6aa8cf,bad beat bit black boll buddy chain companion cried dame dance darling den drink friend gab gangster geld give gold goth hard hat hope know like little long love pare party perfect private sex sexy slow snap sound trace weekend wine yard
52370ac0-6d5a-4a39-8a9d-aff86795c4b9,answer applaud arm attention baby best bitch blow bout brain chain change choice choose classy critical crowd damn dead demanded designed drop excuse explain father franklin give god gorgeous hard hate high hoe invisible lame law life like list live look lot love mama mansion mentally messy mind multiple music nasty night notice physically presence qua real rich right rise rule soul spiritual squad stick stranger sun talk test text time told unloose walked watch way wrong
52c9da8c-5619-46f6-97e6-2da701516e6f,anymore arrives ask bad beautiful boot bridge bug cash change club come crazy die enter expensive face free given good hard kill know like load lost love lyric money monkey need offer people pulling right sheet slow sound stop throwing time unleashed wave wrong
5344771d-ab41-4bdf-8cfe-f12f1351c75f,accurately ambulance asshole badly bake band barge beach blob boy bucket butter change changed clock companion cousin dance dancing daycare drum feeling fillet fine foot fortunately freezing girl good hippie hit jump jungle like little looking lost love loved millennium mind nap needing oak old overhead party portion pump punk remember ring romance sending sensitive spit stupid sun think time visible way welcome world yawn yawning
53f634ff-9dfd-4eb4-83c7-b72c9455bd6a,anymore approach beach body causing closer collide come control culture dance dancing dawn day dress forgetting fruit give heart heat help impression learn lift like morning need novel order passion play practice sand sea shine silk stand stop stumble sun television think vein waist walk warm wave
55163d52-e34d-4b9c-ad8b-cd4a47d99c47,able according afraid ball beginning best blow bowing break broken brought bunch caught cheek close cold color come counter coupon crazy crocodile croup dancing delightful diamond drop drowned drum drunk dusk ecstasy exit falling finish fucked god hazard head heartbeat heaven heavily killer knowledge lead leaving left life like line longer look lose met mild mind miss missing muzzle night nighttime ocean pill press promised raise ringing rise round scream sea ship sit skin skip sky snooping stand started stepped strong suggested sun sunshine swallow toe trip unexpectedly world
57329a9b-2cd9-4c99-8495-57eecae9209c,alright angel arm baby barefoot beautiful breath carry cause child dancing dark darling deserve dive dream dress eye faith favorite fell fighting follow future girl give grass hand heard heart hold holding home hope kid kiss knew know knowing lead listening look looked looking love man mess met odds perfect person right said saw secret share slow song stronger sweet time underneath waiting whispered woman
573de191-e18a-4170-add1-6623bb3dffe4,afraid baby believe blessed boy come company confess deserve different feel fight flourishing god hand know lay like lingers love midnight mind pray relate rest said save slow soul tell time told touch track universe waste way woman
58145d31-e027-4016-9354-ac2506dc3c48,anymore break care change climb dropped fall future give hate hit hold house know language living mom need proud rise said savage speak talking think won
58eaa9bb-6ff9-4824-91ab-2ba4df8c5f9e,aware away baby beat big build buy class climax come daughter day door ex eye fanned feel finance flex game girl give head high hold hook hope know like look ma marry merry mind mother place price promised sorry stay tell think turn unfortunately villa walk
590af6e7-cdf9-41f5-8d0e-0d05280aaed2,believe betrays boob boom cackle cinema crazy dad desire different dream eat end eye finger fool gave give hard heal hungry know late lesson lie life like lose love man matter mind mud night people pity realized recess rest romeo ruminate saw sight street stupid swimming tell think told treating trusted ugly victim walk
591aa48e-d491-4d02-a78c-d8c099acf0a8,absolute baby baguette bedroom belt big bitch block blue book booth bout boy bus chain chase check circle clean clue cold colored coupe cover cracker crept crew cut dance dash daughter deep different dizzy double duck ex flight follow foot formal fruit fuck function gate girl give glue god goose group hand high hit hoe hop hour ice jeweler juice jump kite knocked know land landed life light like lit lock look loose loot lost love ma mama man mix moon need news nice night noose ocean old open paid papoose parachute pass pick play pool price produced pull pussy reboot record respect retreat right road roll roof room said school score seen settle shit shook shoot shorty shot sicko sight slept slop spending stop stripe suit sun sweet text think thought threat told town treat tried turn uncle used way weak wet win winter young
59578cc9-ae4d-4a5a-9186-7c8de7a90f92,base know pal
5cd274a2-6652-4333-b364-1eb7e47f4f9b,away basement bit come dream eye far fix fool give good hard heart kill know like little look replacement right settle thinking true wait work
5db49575-d546-46cb-97fb-cf9d6a4a18da,apart arm baby bar bottle break cause corner darling day deserve fall feel friend guess happier heart hide hurt inside knew know laugh like look love lover month moving need new nursing park personal promise reminding room said sat saw smile telling told truth waiting walk walking wide
5dc7049b-7262-4b4b-b6f9-1a65608f9c39,alive alright amenity astronomical baby barre beef bleed bleeds bought bounce bout bring car chopper city come crazy cut day diabolical dick dog drown enemy excelling faith feel forever gang girl gold guide hectic high hit improbable injury interjected itching jealous key kid kill kind knee know lay lead lean life like lit look mama money new night nose note past picked pit played plug problem projected propane psychedelics relocate repellent responsible ride right save seal section shit sky spit stage stay straight sugar tell thought throwing time told tour tourist traumatized tried trophy way week
5e76abdd-c618-48ac-89a9-12710d6c4c74,achieve anytime ball bar believe buy chance comfort cool cost discussion dysfunction easy fall feel fool gang good grind grow hard hater hear hill house interruption kid know large left legend like look lot love ma mom money motivation music need paid pay performing play plenty position promise remember right run rush said shit singing sleeve slow smooth speaker star start stuff summit swear tatted time toe tree true underneath younger
60e7d91e-62b3-4be5-b0ce-a5a604bab0e0,account bing boom boy campaign car catch celebrating certificate clash collection country dad day dear debt doctor drink drinking drool drove easily election finger forgotten free fuck gather give guy heard hell lasso list long lost money pour president pronto pull raw remark respect school shotgun shout sickest think virginity voted win woman wrote
622e8c25-959c-476f-b927-89cfeb2379dc,baby boy broken cause coming dancing day ex fool hear hearted know leave like lose message music new night parted party read single stop time touch turn worst zone
635268b4-d00c-41d7-9539-87aa05ea9873,accept anymore baby bad blame confess eat fake fall fight forget hurt kiss knowing leave like love magic met mistake need place play promised story suffer understood wrong
644f3320-8aeb-40b2-977d-5376c7099ba0,babe baby bed body bout boy burn check coast enjoy fly girl give high hurt know language like lip love ma man map master nailed need pay plan ride rose round sand sit talk taste tell temperature trace trouble watch wing world wrap
66327333-6df4-47c8-8928-048f57f16b02,air ammonia angel animal away bad beautiful beer bleed brain caught centime claw cut dark degree desert devil drop drunk exist eye fade family faster feeling filth flower forget forgive fuck fucked fucking give god grow happy heart home hot hunger hurting inch invited jungle lack life like little live lose love madness man moon note opinion opposite paranoia passionately race random raven reach regret release replace replaces respect return rooster sad savage sentence shoot short sick soul story sun talking think time turn understanding valley vision waited world
68121cbc-2be3-4d97-9555-2b14ad06db22,asks asleep baby bridge confusion crazy cuddle day deceive despite dream end fall forget girlfriend grow guy jealous kiss life like little look lot love matured morning mother mouth night old pass problem push refrain safe shenanigan slept sulk talk think thought time told touched trace worry
68b7a4a2-f816-4756-a561-1c99dc3a8540,arrive away baby bad boom bridge bunny bye care challenge climb come conquer curve daddy dance dancing danger die eat edition exist fever filter follow forgive fumed gave general girl give good great hand hard hit horn left lemon level like look loose lost lyric marathon material messed model mom mommy note notice number pay picket pique plan post power queen rabbit rain raise raised resistance rule rumbling said saw shine shorty size skin special stick stop street stripper tell throw ticket touch tough toy track triple turn vegetarian waist watch wiggle woman wrap
692734eb-43a4-438c-bc2e-280c1597fffa,accelerate amigo baby black bottle brother cause champagne chocolate come completely contact course eye feel flex gazelle girl heavy island juice kind know leave like location loco looking lot lotto low ma model mom moment need people perfect play read responsible sauce scared selection sexy silence stagger stout team temptation time vacation way wine wined
692ba5dd-1c5e-4cd1-ba86-aa8fbf9c63c0,baby bad bang banging bank beat believe big billboard bitch blow bobby body bout brain bunny certified chance close closet club coat coin coupe cover curtain deal diamond dipper disco district dollar driver driving drop eating ex fact flexing fur gang halal handsome hard high hookah hop hot hotter jag jeweler jump know lady lam like llama look need nervous new pen pin plaza proving religion rock roof run said shining shit sock sorry soy spend spicy stunting tell text told watch wrong
694649f5-be24-4450-9367-f3a507417048,argue baby beat catch complaining compromise confusing day end happy head heart indecisive know leaving left love mind night nod overprotective point preaching right running said start straightforward tell time turn win won
69b279aa-3781-48c8-a6b0-92deabbdc883,apart away bed cause clock dead decent dragon driving end felt finish fly foot guess guessing hand jumping kicking know life like luck ma messed mind sheet ship sinking sorry standing start street strong sweep thrown ticking
6f4a08df-bd30-401e-9f51-07c3f0657aee,baby believed break breathe change cold come cruel deceiving easy ended fate feel free game good handle hate heal heart hurt know leaving lightning like long look love lying minute mistake need offended pain played real remain rising round said spreading stop story team tell telling tempest thought thunder time way won
7014f4c7-caaa-4cdc-8321-070aa86d17e5,anytime babe baby believe cause door escape free friend heart hurt hurting key lay left locking look love need remember scared shoulder uncertainty won
7021eca1-f05c-4af5-aefd-3488ef1ec3e7,away baby believe blue break bus cause city coast come corvette daddy day dead different dream drive end enemy falling family fell friend give grew hand heart hold house idea job jump kiss know late leave life light like line love man meet mind new old pay place pressure ride run said seat seriously singing sneak start started starting sun thinking touch turned underneath used way window young
7085dc5d-b671-4b71-b25f-baff2e5df865,air alley alright arm baby backstage backstreet bad balance banana bank beef big body bout boy break budget bullet bullshit bus cab canopy cash catch cause chill chromed coat concrete cop crew cruising cut dally damn dancing day deal dealership dope drag dragging drop eagle embrace face felt fish follow forget free fuck game gas girl give god good hair handstand head headed hell hello helmet honestly ill kickstand killing kit know land lawn layer leather leg lick like listening little low lying ma mama man mayonnaise mirror mom moped mow mullet need neighbor ox passed perusing pike pimp place player pulled quick rare raw real reprimand ride run running safe said salesman sassy scrotum seat seen shit sit skate ski slick slow sounding stack stance stick stone stop store street stunting suit tail tandem tank tear tearing throwing toeing town valley view waist warm washed watch watching water wheel whitewalls windshield wonderful wristband yelling
70d2553f-eed8-45c8-aa78-eaad4633311b,ask body boyfriend burn come crazy dawn drink drop feel flex floor forget friend girl god hallelujah ho horny interfere know little magazine maria mess need nice play post refrain sauce scene seesaw shake shit shy slow smoke stay tell think time unnecessary waffle way wine
7213cc27-1003-4b04-bffe-544410d49ec4,age anymore badly bat bear beat body cage catch cave come dead faster feel fighting free heart hibernate hide hop inside leave licked month new old sleep speed speeding stand stop time tune universe vibrate wake wise
728f5ecb-d9fe-4b7a-9481-6fbfcc3d77c2,away beauty bother care caress charm charming close cold dropped explain heaven hurt kiss know leaf left lonely look lost luck lucky night pretty run saw shade skin stand star steal sunrise tell time understand warn woman wrap
74613fd2-4025-4469-a517-ef14b01515da,afar alive baby beautiful believe breathes bridge burning collide dancing darkness daylight diamond dream dying eye falling feed feel fever firefly flame forever freeze hand hear heat heaven ignite infinite kind lead lie life light like little lost monumental need night pain palm particle post right rise skin speed speeding star starship sun survivor sweetest tell temperature touch tremor turn
7508cbf5-57ee-493f-8ccf-3364fe6b78c8,apartment awry baby bag bale ball bar bares beach beat belvedere board booty bridge bro brother bundle cash chill cognac colorful come designer drink fight flex focus fuck garden gas glass goal great grill hard hatred head holiday hook hungry hunt know lady later loco look lot louder love mama model money music note opponent paper party purple role shut skyline star street success turn unit villa volume wobble worry
78ab5cae-f9fd-460a-b490-ff47aa14331f,attic bacteria bad bead begin believe birdwatch bull change clearest climate come coming cottage crossbar cycle cycling day deceiving degree drain drive endure faith festival firework forcing frozen grant ground help helpless high hit holiday hope horn ice imported issue knife laugh leg living locked luck moment morning mud mum need pull reject remember right scar sex snail snow soul south spiritual stress summer sun tent time trip unfortunate used vacation warm warmth warning water week wet wine work wrap
78cad6dc-9c62-4309-8c58-935fce29826b,according air blessing breathe bridge church contradict daddy damn day deep disappeared dream drop emptiness enjoy exaggerated exhale eye forget fortunately freeze fucking gold great heavy hook hope inhale jackpot king leg life lift live living longer look love luckily moment need principle push recorded return run sad share silence sky sneaky soft successful summer sure thought throwing true young
7a7b4c95-abbb-4078-b286-d695827002df,baby blink breath broken cause chance close disappeared dreaming eye gold goodbye heart hold kiss know like longer lose love minute moonlight movie promised pulled realized regret relief run scene silver smoke split standing tear time truth walking whisper woke won
7ab02a8b-b9fd-4db5-bc88-e1991da3f3ae,bed blame break breaking come dark darkness drink face fading falling feel hear heart home light like little lost love need night rhythm river rolling share spirit swear tear used work
7adf31c7-1ef4-41a1-bd88-ead58058fe59,air awake away balance believe bleeding break bridge care come control cool day deep desire escape feel fight flame head hour ice inside iron leave like live lose love matter mind paradise praying scared sending sing starting surround time underground water way weakened week weekend wide win won
7b0d25a0-2847-4f16-8021-df6a14c3e5d7,anxiety ask attached baby biddy body boy breathe build ceiling choose closer control crazy deep die feel feeling grab guess head hear heart heel high jump know like listen look love mind need new pull right stop tell telling think told touching true waist way won
7c0b1c6e-6322-46f4-9332-22045017092b,afraid answer anymore arm baby bad bath body bomb boy breath close club come darling day difficult feel flex girl give honey horny hot insecure know late life like look loosely low man mistake money need play promise rave rest right sauna scared sidewalk slow slowly smell stay sweat talk think treasure tub way whine wine
7c4d6cfc-be0c-469b-8c24-54f673da3aa8,action addicted alive argue ball beat bra brother capital carry cell chain chin class coin college come coming counting crass crook cruel dark day different directly discussion drug dust enemy exception fat fist flow forgive fuck gang ghetto give grab greeting haze head hectic heroin intoxication iron kick know life like lucrative man math mistake money mouth music neighborhood night notice open option packet police price protecting purer quality radical rap rapper reaction real reasoning registration remains right role roll round sawed shoot shouting smoke sound spread stage stairwell standard stanza statement stay steadfast talk talking taste teacher team threaten throne tick time true turn ugly vein voice world
7d72559c-3348-4a21-9332-6b63beed22f8,baby beat bed brain burn cappuccino come cool count dip fall foreign forever fridge heaven home jump know leaving like look looking lost morning music night palm party people photo place plane regret remember rise scratch sea shoulder skin sky summer tattoo throw touch touching tree trip understand wheel wind zero
7e17570f-e185-4556-b79e-fafcf61ffa39,alright band behold belief bite bullet castle come day diamond dry faith forget forgiving gold guessing hand hard hold loudly love news play raid regret sand sea shining shouted simple soul sun tear tell tight tongue undone uneven unfold waiting way winner wrapped
7f407368-6ad0-4716-b51f-2d2710ef4de4,abnormal anymore away baby beat breaking clear continue day deny desire eat energy felt friend give grab hand hip industry jam kiss know lie like man mom neck normal plate quench saw seen sex start stopping street stress stronger talk tell thirst worry
8207a714-7479-4bb4-91d0-78307648bb8c,apart away believe blown body break breathe cause change changing feel forget hard heard heart kind knee know left like love mind old peace right said shit sick spending tear time wasting won
82cd7638-4c94-467b-85be-a599f1268f6e,air alarm art beautiful belief belt bomb bonsai bow brave bridge car care cell change cigarette cinema city clover come confuse control cover daisy distance dive drink drowns duck endlessly eye face fashion film friend give glass god good grave hater heart hello home hope hour informs inside kiss know late leaf leaving like listening live look looking lose love mama maneuver manhole married melted message motorbike negative new night normal oak ocean open outdoor phone photo photograph photography picture pocket pond problem rain record red rock roll roof roundabout scooter sea separate series shirt siren sister smile social solar sound stay stone strophe stubborn swear talking tell throw ticking time trouble trust uncovered use various wave windshield world
8413dabb-0682-4392-a926-4f2f991d1687,ago ahead alive asleep beautiful bit break changer changing chin coin day evaporates fell good harder horse left life like listened little people pit said spend spoke surface talk talking thanks understand wondered yard
8609c2f3-b72c-497e-92a5-a77fc4dff8db,adding appear area balance bar bond bridge bring contact day dead dona envying escort fake feel flight friend girlfriend gringo jackpot joint know lift like live long look ma money multiplication noise number plug quiet raise real refrain relax repeater repetition saw smoking sofa sorry speak sphere spreader strop stupid taco think tone trapping world
865a4c28-41e4-48e4-90fd-053771750ae8,admit attention broke deny door doubt faith game gave hoping joy key knee leave lord moping need open shirt showed sure tell turned warm
869bed78-f441-4ca7-aba9-a16ea458316c,ache bed blow break change cough dead drastic dream easier end evil face fake falling feel forget friend gave girl grave hate head heart inside knew know landing left listened listening love lucid mistake past plastic point prescription prettiest replace ring room said shadow shit tangled thinking thought watch way wedding wind won
86cf1ce1-f5e7-4ae4-91fe-651c87c57910,appear beating believe bird blessing blue bridge changing dark different disappears dream drown fast fighting girl hand heart holding kind king learn life like living lost love magic movie near new ocean pain post queen scene shade sing sky soul star start time understand world
876b5328-5d6e-4405-ab3a-cf975c52c8e5,action activate apologize ask assume boyfriend cherry chewing dim face fast favorite flavor fly friend girl girlfriend give gum hand hold indirect introduce jealous kiss know look passing receive shut slap smart tell time wrapped
876e57e5-0171-4e0d-8c03-a39b19011449,ambulance asked babe bag bed biggest bit bullet calm cigarette clock cloud comb come dance dead defeat discipline dream dust emotion end experiment feel floor forget friar hand happy heart home horror hour inside kind knot know law learned life light like living man map marble missile money morning movie night obligation phone pierce remember rest room saw scratch secret shirt skin slap sleep sleepy slow smoke sorry stand stay strophe swallow talk thought time toxic track turn turned understand wait wonder write
89e27ef6-3b33-40cf-96f4-2aa5a8859ffe,bass bottle brain calypso cause cool dip familiar great hip inside kind know later life like low man mind model need party pour real roll shake simple taste think vibrato waistline
8a5d114c-3a16-46a0-be21-9a9400b6aeb3,anymore beach beer bleached boat body bother bridge butter camera career chill clinic code completely dead delicious different discount engine enjoy exercising finally fix flood football grill hair healthy hell honey imagine incredibly interval jaw life like liter live look losing new operate orange person practice relax repaired rinse sail sausage sea skin smiling snot soda squat stab started strength summer sun teeth thanks time training transplanted warning work wrinkle yellow yummy
8b4cc77e-f815-40d9-a698-1256b3570120,align away beast beating bit black blood break cast cause cold come consequence cost cutthroat dark deep edge end face facing fading giving glass hand heart heartache heaven hold house hunter inside leave life light line living natural oath past pay peace prey price product save shadow sin stand standing star step stone strong swear taste tell tree truth won world wrong youth
8bbbb533-fcb4-4a6b-9134-4fec2b64064e,accept agony answer anymore arrive assimilate away bed blind buries cause circle close come commitment confused corner day departure difficult distracted dream dying eye face feel forget forgot girl give hard heart house hurt intact killing kiss know late left lie life like liquidate live living loneliness longer lose love matter mind need night nightfall open pain picket picture portrait refuse searched silence smell space suffer tell think understand underwear wait wanderer war warmth way world
8c097697-f259-4129-8864-20185e4cf702,away bed buy calm changed checkmate costume depression enamel enters erased exploded failed fever flight forgot give grief interesting inventing key life line living longer mathematics memory mind party passed plenty saw sound stayed think thought ticket told train turn vacancy walking wallet worry wrote
8ce55083-430d-4578-878e-2fc009e14e9c,away bout care cause close crazy drive face far feel gazing good history lighten like love mind mystery purple sight sky smile sunset thinking way
8fb16ea5-f54c-4525-9da6-e5b1d19b1896,aunt bedside believe bigger blow broken brother candle cause chain changed cool day dresser dude end eye foreign forget forward friend gave head knew know life like looking love matter open picture posted pretty promise rest seen shit sock speaking swear think uncle used wonder
91f0c425-79fb-442d-9dac-bb2289945b6f,accent arc attendant black champ charming coffee commencing continue corn cup dark dire draw et falling gen hand house language little lost ma miss moment nice pardon passing pen people plan post pour refrain remains rose ship sorry sound speak stand stop suitcase sun talk talking tell temp think time touch tout understand unfortunately vie ville
9270f058-4909-48be-a0d8-6d87a90a310e,alcohol altar arm away baby benefit big bitch blob booty break bus carry champagne city cocaine coke contract crack dancing date deserves ecstasy exchange face feeling fucking future girl give greet hard heart heroin high housewife hurt know life line look love marriage mom noon photo pissing potential raise rapper ready recognize republic shoot sip snow stay staying student talking taste time tour waiting way
928f898c-6158-4912-943d-9d19c6700091,accosts air answer binge boarding boat body cable cat catch cigarette come crazy crew discover dive door dream drift drink earth eat farting fish funny give hacked hand happiness heart hyphen know leaving looking love mirror missed night ocean pass pier poison port pretty prolong ready rowed run sailor sand sea sheet shouting single soul starboard stay stocking surely surfed swim swimsuit threw trap treasure tried waiting water wave wire worse wrecked
93dda168-4adc-4d4e-a429-72bb0196c8c4,apart ask baby beach blood bring brings bunker buy city clunkers cold come confuses door drive dynamite end excites fall fat feel flow fly free goal hand hear hold hotel joint know lie like loud love man mind nice night outfit paper pretended pumper purple quiet real satisfied sick smile smoke stand standing straight sweater tell think tight walk wash watch wearing world
945c1797-07d7-44e0-9842-1f4cf03dbc62,addictive anymore apple babe boy bridge careful come dance danced darkness deceived deck explanation give imagining indigo insist interlude longer look lyric medicine mortal night normal noticing playing provoking queen real sin situation snake stanza tell tried undoing wrong
946e8621-42da-4d87-a1f6-c9e45b2d434a,ache awake away bled body break cause cried death depth feared feeling head know lake leaf lie lied light like lonely look lying needed pleaded quietest ran said saw shake stand stare sweat tear turn unreeling water
94e83f58-e326-491b-aa39-bbe831bb5e1a,ba bin fir hero loon sun
95342cd7-89dc-4fff-8577-d5f2a45f748d,afraid aftereffect bet bleeding choice control dirty dream dying evil excess exist give gut happiness heart hell know leave lie light like little look looking lose neglect peace prepare pretend puppet raised real repair save scared seek sell shoot soul spread strike succession tell time touch truth wing working world
97cf4d9d-8235-4353-aa4e-eafc91bbd5e1,accelerator amigo appear bar barred bluffed care caught chaos come coverage dance dancing dangerous deep door family fucking fugue good hard hit jungle lacquer lied like mama man money nice node opened press ram responder rip risk said salsa spacer spend tie time tripping vie
9ab37bd6-abfc-46be-82e2-25fd228aab01,dark face game heart highest hold kingdom know lie light love place reign run step strong sun tell truth
9bbd0cf8-a9df-488b-b8e3-ce782ac02420,act afford alert amber ante ask baby backwards bird blow border born bury busy candy carter casino casket cell change chosen church classic club come comic comma control crib crime crystal darkest deal demon dirty drama dribble early energy family feel fence flower fore form fuck funny girl godly guess gunner hang head hell hit hoe holy hood house hush increase initial inscribed issue jeez key know life light like link living maverick men miss mistake money mortal mother note number opened patch pick price prison pulled rd reach real relief reminder rick rope rose run said satisfy scared scratched sheet shit shoot shop short spirit spoiler stack started steal stone strip subtle sweeter swivel synagogue time title tragic uncle walk whistle wonder work world worm worst young
9c5cfb28-2ee6-46d7-be6c-4629a44d508e,addition alter ashamed ask away belong bench bit blood bother bout breath broken bubble case cigarette cloud day door dream drove drowning ego evil fallen fast feeling felt fool forget friend gave good hall hand handle hard heal heart hook hope important jacket keg kiss knew lay leave lie light like link live log look lost memory need nowadays packed pain park past paved pleasure pump rain rainbow ray real remember right said saw share shoe skin slowed smoked soft sound staggering strong sunny sunrise tack thinking time town turned used wound young
9c60dc21-e12f-48fe-99f3-cead71c03556,air atmosphere bare beautiful bone century child cold fear flown foot hair mind slow smell stay sunrise tone watch wood
9cecbafd-3abe-426d-b1a6-d7cfe667182a,dream head love mind share waiting
9e0c1ddd-67b9-4181-a31d-2f8b3b16381f,apart baby bad bang beat blaze body booty bout boy cause cheek energy exact eye fat feel finger flopped girl give god good hard hear hot insane jiggle king know lento light like look looking lord love loving mad new night place precise queen rap ready relentless rock sing spot stamen stepping swing tempo time treat walk watch
9f2a92b6-294c-4570-b93e-f800106b085d,ago baby burning cause cold cut danger day drink ember expectation falling glass hate heaven hold know like long loose lost love machination mind older patience plainer raise remember saner smoke surrender tell tender time toil turn understand
a0dea6a5-80b2-4bb6-b13a-662d6fb09fd9,anxiety arrive asking attitude baby body briefcase clan clandestine closer continue couple crazy dark deny destiny disease door eat entertain escaping falling felt flower flying forbidden forget friend fruit giving hugging illegal increase kill kiss kissing know leave light like longer look love mistake mouth need open pay people problem restaurant rumor sentence shut stole stop suit tell think thought understand
a203bfbb-1705-4f9e-9223-48a74f0f761c,abusing alright brave carry cause cigarette come coursing darker distance drug feel friend grace guiding hide hiding hill hold home house know lately leave left light lighthouse like look lose lost mentioned mind mistake need pain phone place refuse robbed safe searching sparking stop tell trouble truth unanswered vein way won wondering
a2126722-c5ae-4a2c-b6d3-bc7bf61bcd1d,armor beg blame bridge broken ciao come continue effort fist forgive gave hard heart ho longer love master price refrain reluctantly return sending sense sentence shouted sing soul waiting wall writing
a29fb81e-7c60-45fe-b2fc-eaa0d12d3078,alright angle baby bad band beat bend boy breakdown cable car care club cut dark day die explain finish follow friend gassed girl give hard hate haven high hit hoe hold inside jump know lay life lift like live long loose lover low man mention month nice note overtime paid past phone real reflection roll round said school shit short shorty slow song table talk tense time understand watch won work
a32bfaf2-f440-4015-8b08-31a49058c2c4,allow babe band bar barrel believe bless block bone braid break car cat chain chart check climbing conquer corner create dance design devil diamond disease dog escape ex expand explore finesse flex focus fresh game girl give glowing hard hat hate heard heart hoe hurting hustle jumping knee know lame law left like line listened loaded lock locked loose lord loss man message muscle new number open pack pant peeped plan pocket pours praise protect rain ran rat refine return rock rocket roll saw shade shine shot smoking snake sold speak squeeze stage steady stepped stock stop text thanks think time trap voice waited way weak window world worry
a32d8d3d-68fe-4e70-8574-28fac2d6d105,alright asked away begin betrayal bit born break cigarette cold color counter deleted draining dumb easy eye face fact feel feeling fine forget friend fucking ground hand head heals hide hurt kissed know like look love mate matter message mind mistake moving past phone pull reach right sad said sent shake start stay steal teary tell time touched tremble voice walk wonder
a38a73a0-afa1-4f30-94e0-695ae9b50e89,away cause change come escape explain feeling forever game helping hold human intellect know like looking need perfect playing realize reason saw secret stay stranger time walk wasting way
a4691845-0ab9-415c-ac52-8a63249796df,acting baby bye childhood cover cup dancing day drinking fast feather fell forever forward friend grownup guess hit hold holding hood kissed light like lip love lover lung mustang need old paint picture plastic present problem remember ride sang singing song summer time true wood young
a4bc2c2d-35d0-47c2-9019-aa8d6b58ead2,babe bass bed believe breaking cell come couple crazy depress devour disguise dog drink drunk enemy failed fame feel forget forgetting friend gave giving glass hard hiding hit ignore impress inside kiss know leave left lie like loneliness lost love miss missing paid pain phone promise punishment reminds rumble searched shit sick sky song sound talk tell think thinking time truth understand weekend
a6b8f3a9-999d-4774-b5f0-d08b194333ec,babe bacon blank bout bump bumper campus close cost damn east feel forever fresh girl graduated heart history jam knew left like lot loved man manner met minute night papa pay point quick range room said summer tell traffic uncle wait waited walk
a7f6aa99-82b3-4504-aae0-06308cfd55fc,bottle club crazy cut deep girl home kill overtime party shit think town weekend
a89b6925-378c-4570-9e61-3024613669d4,afraid decide know low sad suicide
a931a49a-d5e2-4ef7-83b2-193abeb82896,baby body cause choose cool dawn dusk fall feel fit give hold inside jacket light like love rapid right roll room run shut sin stop sunrise tell touch wave wind window wrong
aac99f92-70d8-4c34-89c6-7ffab3fb1346,anymore away beginning chest clap clumsy come continuation daring deliver distant dream drink example excuse expect eye feel figure follow future girl head heard heart hello hesitating high imagination inside knew life like listen love mind person ready reason run running shut simulated size smile stopping story strong tell think thought time transmitted true unleash voice wait
ab2f0435-1058-49fb-a81d-a390d2a75d1c,autograph best black bridge buy caliber child city cockpit coke come competition country dance darkened day deep directly dog drive driving engraved feel fighting form fuck gas give gloss gt hamburg hear hit hook hp juice life like lip listen lock magazine need optic palaver phantom photo protect pure raven regulating rocky routine sandstorm screen seat settle slice song sound street team think winner
acd14b71-05d0-4360-88a2-bc93eee55539,babe baby bad body crew dine fun hell hit incidental innocence kiss lean leave like limo long love memo naughty pedal ride said send signal sound wait wrong
ad778fff-7c37-457a-8ab7-5b8b833adfb3,admit afraid baby bad catch cause come company damn day deny easy eye feel focused good hard hide history independent know lie life lifetime listen love lover mystery need night open overnight ride shit sorry spend sunrise synergy tell trust underneath vibe waste
adf6ffa3-1a6a-408e-aae3-46ca6f28028f,bag break carry child city clock course dance forget future hay head horizon island job joy kill king little party past piling refrain spend stop suitcase time track turn
ae196187-1ec6-4ab3-a4cb-4dcfdd160f7f,afternoon air anymore away black boredom bring care chemistry class comparison confidence dawn deadline desire different dinner dress excuse false family fault fell fly freedom hear highway home human interest judge know knowing laugh leave life longer love magazine mask mind miss mix mobile music party people personally phone prefer quiet radio reading rude sea sentence speaker spent stomach throw toast travel unconsciousness understand unnecessary vacuum wheat
aedee3ba-0338-4870-9d4e-9439697104f8,bar beautiful black blush bolt born bridge burn coffee come complicated compliment dance dissolve dressed elbow end envy especially evening fine hair heart horizon inside know life lightning like little lose love moment moon provoke quick raise refrain remain rolling sand seen served sexier shop shot stone street strop talk time toast usual waste watching wound wrong
af9311ae-6bd4-402a-b6a3-e9740e354c1a,away bad belief believed bound clean dawn despite destiny different dirty door dropping effort evil eye far feel flare girl goal hand happy heart help hint law leg lied life lone lost mind new pain peace pendulum pole scattered shaking shine ship shore sky sleep snake solar spindle start stubbornly tell time tormented touched unspoken vice waiting wanderer warm way weather zone
b2beac7c-2681-496c-a4b7-8f0bd1103ac0,air allergy annoying appears bar belong bit bone broken come crazy day deep diminished dirt door dream easily eye fall feeling forever girlfriend handle heavy hike hit hymn lady left like look lovingly lying man meet miss play power prevent right rush scattered scene screaming sent silent sit sleep small sorry sting sun tell tiredness tree village wall weep wood
b2f5a546-8fac-4752-bed8-8eaf2c92a265,away beautiful bury bye die feel flower good hello invader like morning mountain nice partisan shade
b30f3772-fd37-43ca-9ca5-9107f7f81232,buy cause change come dance different fact free girl hand heart hold know little love money paycheck precious present rain real realize shame sky song tenderness tight time true win wrong
b3e5a106-9445-4428-bd14-d99916df75a5,anymore apart breaking clearly difference dreaming fell felt foot forgotten free heal healing hear heart hello home hope like matter meet running secret sorry supposed talk tear tell time town tried typical used wondering world younger
b59a6902-1337-4bd8-b9cc-f62be4aaa492,arrived attractive beauty belt clock crazy dose drink dynamite face good hand happy hard head horn hurt know knowing like little love night passed perished pretty queen remember right rode said scream stayed tell think time waiting wall
b881fa89-9b23-4633-a788-aee699cc2029,afraid believe beneath black blind come dark diamond dreaming eye fall fearless feel fool give know leave lie light like live love need night running secret shadow share sky story time truth wait world worth young
b8a7260c-a4b2-43bf-a838-9d6e097d545d,anxiety attracted away bag big bubble budget calm celebrity control cool copy crowd dance disappear dive escape evil exalts expect fashion final forbidden general give happiness hero honesty karma know later leave legality like limit looking minute model mom need new normality odds panda paste place proceeds running sea singing skill song spoiler state stay story strophe summer text usual voice worry wrong
ba51526f-56c4-4e20-9460-960558dd7e9f,anymore break care change climb dropped fall future give hate hit hold house know language living mom need proud rise said savage speak talking think won
bb0872de-c313-41fd-b418-23783cd361c9,away ball balloon bank big bitch block blood blouse blow break busy chick cocky coke come day deal drama exam fan father fine float flowing goon hater head hot hotter ice jeweler know laugh license life like line look maid man men mobile mom need neighborhood new open paper party photo plate play prison prove purple push pushed pussy rap real recognize red right run rust scour shit sleep smart spend stack steel strapped street stress stuck stunt style succeed tease tent touch traitor walk walking watch wife wine
bd837088-9efc-4e7e-b693-e89bab23cf0d,baby bad beating bet bout breathing carat cause chick club cuff diamond dress end feel fitness floor fourteen girl give good hair hard heart hit hold image jackpot jealous know leave like look love marquise mess met miniature minute miss news nice pant press proud pull real round sag shit shot signature skin stuff stumble tight time touch town triple trust way wear won worried zipper
bde92811-3d61-449d-bc1e-cc62087c18c1,ahead asleep awakening away baby beautiful believe darkest day dream driving edge fall give good heartbreak heaven hell knife know love miracle mirror need ride rude selling smoke used wheel won
be7e32b1-995b-4a1c-bc75-4199e4eb3c60,absolve alive begin big blew blown break burn changed circuit cleansed come crawling door face fear feel give home hour human imposed know left lie life love loved money need picture replaced road shade shared sin touch unscathed vision wake
bf50cd26-2770-49df-bbfd-247b0b54c7a9,allowed baby bad beautiful beer believe bottle cause clutch crazy damaging drink drinking drunk easily entangled fell friend head heart hurt kill left like little longer looking love man partner rain record rhythm roof sad spite street thinking told versatility walking woman worse
c0afa589-f64f-455d-aac0-e6f8ef0c25eb,ahead bad badly blinking breaking bridge broiled broken come coral corridor cross crossing crunched crystallite dream enlighten falling felt girl ground gypsy hand hoop knew landing light little look minute moon night plowed pretty protect rare save shining sidewalk skin stair star street thinking told voice walking waste wobble
c26c1f0f-9de7-4f5f-b79d-ccb1c4b84204,baby beautiful burst come cosmic earth end excel fascinating feeling firework fly foot galaxy good hesitate higher lady leave light little long looking love milky moment month moon moonlit mystical night party ride right rise road run runway shine sky snow special star start stop sun time track universe water way whisper work
c2bd85e3-9ecd-4e3c-944a-1d4b88daef83,baggage bitch black car cartridge cash cause chain checked chi city claim company cookie cool copy cream dance depart diamond drip false feed feel fight fishtail fresh fuck game gang gangland girl glazed grape hand hangman hard hit ice icy imitate jolly kick kind life lift like little lot love ma man middleman moccasin money neck new overseas pace pan park parking pimp plate pocket popcorn pretty profit project pronounce rack rain real rich ride ring scream shell shit shotgun shower sit slide slow spark spray stack stick straight style suck talk tan target taste team town walk wallet watch water way worldwide wraith wrong
c36c01e8-280f-452d-b010-13ceb7f0701d,alright ask baby fall friend hand hold left lover ready right sense stop tell
c4503779-351f-46bb-b8e5-dd0dffa15073,arrive ask attitude baseline bed bit body boom calypso cause close come confident crazy daddy dance dancing decline eats facing fed fight fun girl give good ground know lie like little living look looking love man mixing mouth night normal painting pull rhythm risk roll rum salt sand scare sea setting sky slow star stay swear tell time ting town wake warms waste way wine wrong
c4ece49d-b0a3-4592-a1dd-b35da9d2a415,ahead baby banger beat body boom booth brag brand bring bump burn care child come coming crown dance drop feeling girl give good hand high hit hot house hurt instant jam kitty know lately like louder love ma miss mission motion new night place play quick ride right room shut sing son song sound stupid style tell town track turn watching wear won work
c6a6aea1-406f-4fed-b861-e94b40d3525c,bet bout cause cute dangerous deep dirty fear girl good hear heart hotel hurt intended jealous know like liked little love mad mess mind poured said shame started talking tattoo think thinking thought truth understand wait zone
c7a4a684-df7d-49e1-bc6c-649ba5c43e6c,answer anymore ate away bad boy butterfly clear dance decide flower game give hang hear inside life lion listen little longer look lose losing lost mad night pretend pull ready rose rotted serving shot step touch turn turning war won
c8488d81-38e1-4a78-b560-09bcc224e3ed,anymore aura away baby care case close committed continue crazy dance despair disguise dodge easy favorite feel give good hard hide kill know lady like list makeup man matter money music need picket pod pretty promise pull rest rose simple steal think time travel way world worth
c8db0405-a6e9-42e2-a721-9a3aebfd6d65,ask attack away bad big bitch black bleed bra broke brother bullet burn burst butt buy capital card cash change cola come dangerous day dealing death drive eat face fall fame family feel field finally food forward frank free friend gold green gun hate haze headline heart hold honor hurt intelligent label leaving liar like line loading look magazine man matted mime mirror money night noticed pay people poisoned police price projectile purple rap rapper remains revolver right room run seller separate shoot sick sleep small son status straight studio stunned style success swear theme ticker ticket tuber visa way week welcome white
c8db316a-1de8-45ea-9a28-11663f9d85df,belt burning cash cause claw cold come doorstep drill drinking face flat ground guess hard hill hit hold house hurt key kill kiss know leather leave mind minute right running sent shiny shirt shoe shoot sink start tell thrill tie time walk way wear yellow
c91d5924-5330-485c-936b-9a4b2ec8fcdd,advance ask beckons come dial distant drown flowed fog forget friend head heart holding know letter light like lone long love mail missed mist morning phone pocket refrain said slowly soul stay stubborn thought time understand window wound wrong
c98dcf29-683e-474d-81d6-d04235c181c4,act baby bad band beautiful bitch blow boatload bottle bozo bright chain clown cold come damn dial diamond drop end fifth fit fold friend gave girl give goddamn high hit hold inside jewelry know like lit look mama man matching money neck necklace old overnight promise psycho real rent rodeo roof said saint school seen shit shop short sip slum smoke sore star stuck stuff tell trust ugly weigh window won zone
c9e5be27-3716-4874-9d09-ccbc531d498c,aging alright ask band basement bet big bitch black blue boy brand breath carat cash caught cause caved cheese cold come copy day dean demon diamond dosing drive drown face fake feel flash free freight gang growth hit home icy inn know landing lane leaf light like lit live lose minimal mixing mold money moving need new old outgrew paranoid parked parrot place pray reach replacement ride right road round said scrape session silence sky slow smoke snow soak sound specie speed spoke spring stage straight street swing tail talon therapist think thought tote train tuck understand vacation visible vogue water way white wind wing world
cae53625-9fbe-4e9f-9287-ca2433652aba,awarded baby body bridge dark dear deep delusion distance embrace far feel flex give hand hard hold know lead leave like member mind outstretched past point pure ridicule sea stand standing strike stubbornly sweet thinking thought time
cb198a42-ecc5-49d4-a68a-cfe4832683b5,admission aggressive baby bare broken cabinet close closer come dish floor good intention kitchen know leave lie little looking losing meet mess mind minute need objection pouring pride pull regardless right running sat seat skin stair stay step tap unaware wet
ccbae182-df13-43ff-bd5c-0cafc0b1166e,afraid anymore brain cause come door dress easily eye game giving good heard holding hope kind know known like looking love lying overdosed reason right shame talk think tight time used way wearing wonder wrong
cd5f6013-3775-4ffd-9608-988e489d4dee,ambition block cause celebration champion coming correct dream elevating favorite fear fighting flag force gift give goal hay high hit king life light like live love ma mix moment nation number power pride raise reach right road run shine shot son strength sun sweeter team truth victory waiting watching win world
cdf52f05-a959-4bdf-a74b-fb40dd6c92d3,ask baby body bop burn caught come connects couple dale dance decide decides diamond drink early enjoy expect face forgotten give hang haze hit home house late light lose ma mommy music phone realize record repeat rich round seeing single sleep slow start stay stick stressed tell threat time told turn witness
d027f25e-0763-4c82-b470-ed345d81c172,body change chest closer come day face far fell forget forgot gaze hang heart home hug indecision kiss know life like living look losing love moon need paradise quit song star talk tell thinking tightened tightness truth
d08094c4-8c11-4078-bf59-414bb223981d,blowing born fool given grain ignore knew know lost miracle pours rain sand time wind
d49e4961-edf6-42e3-8872-64784418bba8,baby changing damage feel girl hard heart stand understand way
d6c74a59-bc2d-4aef-a7f2-5cba7aeadb41,bad bed bring brother calm close crasher cuddle die different dog dub eat feel finessed god good hard hold hope imagine know like lot love met miss momma north outlive party peaceful plan pull road shit sorry start story struggle sure tatted tell trouble turn wait way won
d7ab8622-678f-413f-9198-873a6150608e,admit alive babe baby beach bitch bone book bout catch cause come crazy cup dance destiny dinner drank drop eat fast feel finger fool forward free friend fuck give good guess hand heard hood impression kick know lady life like little look ma man money object ordered patience pay plan pussy quick recipe right round rule said sauce school shopping slow sniff south stay tell think ticket town trip wait white world wrong young
d92c11f5-2cb6-4131-a66a-e599ce42a4bc,ask beat bend bitch blow body bought bring bunny care case catch caught chat chip chit clap close cocky colorful come copped day dick door dot drip eat face fact fashion fight free friend fuck game gang hair hate head hit ho hoe hopped kick king know lay leave like live money new nice old people posse pretty pussy queen range red right rocky said scum shit shoot shooter shot sit small soaker stopped super talk taste tight toe told tr trace track turn wet wife won wrist young
d9c315c8-dce5-4559-a1b1-82a87ffaea2c,alarming baby beach belt bit bridge charmer choose climb cold contrast dress dripping explore feel finally girl heading heat hot ice kind know like little lot love matter mature mind miss mountain number promise room sand sea seat share sharing short smell source south strawberry talk taste tighten turbulent underwater wave wilder world wrong
dae5a98c-2487-4f89-a619-fec12541c336,art babe baby bed bout care cloud comment company count dance dirt ease excuse foot forget freak game ghetto give goddess good hello hurt hush ignorance interesting kiss know lady learn lighter like little lot love manner meet mind nice night play room skirt talk tell tie time transform turn work
db241a1a-669d-4dc1-bebb-05975a6fd72f,alive baby bad brother cause change closer cold colder come coming count crazy damn dated dial drop faded famous feeling friend fucking hate hear hello home hopping house icicle know late lot ma meet mind money morning night paper pave pick pickup picture purple real right ring said saw seat sleeping stacking story straight talk time told tone trust way wondering wrist
db73b9c8-80cf-4206-9834-ee877f62870d,anymore ask away baby beach believe best bet catch come coming control day decided dying easy entertained far forgetting give good hello know life live look mirror needed night reflection reminds return singleness style think thinking thought tide time waiting wave way winter
dd3db33b-57c7-4258-97d4-68f7c34c2bbe,broke choose closed conversation despite door drinking drug feel fine girl hand heart jeopardize know love manhood matter night real recover reputation right suiting summer tested think trip vice way weak wild yelled
dd57f66f-c6bf-4c9b-9945-a593aeb65233,bark big bite bright dancing delight feeling fine loose moon moonlight natural night sight supernatural tight warm
de93dc82-08e7-4d4f-bab4-965b613dfaca,announce ask binge break carnival catcher changed conqueror couple day deny dollar fuck gave hear homemade left love pillow present retired roll sheet stopped swear wall wheel
e0e7ae32-df47-49e2-886d-0a596f29b4d5,add adrenaline anonymous ask bad ball bang barrier beat bitch bluff born break bucket camouflage care career centimeter chased check cinnamon come cope county creative defense dementia diamond dictionary difficult drive enemy famous feeling flat forget forgotten forward fried garage glad glider gold gun guy hand hated hears help hip hop kidding know laugh law lawyer leave left lemon life like little look looking lucky luggage matter men message money mood music negative neighborhood paint pen peter planet positive prefer problem prove pump pussy rapper relative released right rob rose salt seeing servant setting sex shoo shy smoking stake stiff store stupid team therapy thermometer think trust turn v vagina vocabulary wait wake weed welcome wide wrong
e16463a7-1642-451a-a319-bac22a456e4d,alcohol amused angle ape bad ball believe bitch body bought bout bowl business chain change check chief claim clip clown come cop coupe crazy crowd damn danger dangerous dealer debt diamond dick different end equal equity expensive fabric fame famous fast favorite field free fuck gang girl give glue gorilla habit hang hater ho hop ice icy inhibition jet jewelry kangaroo king kneel lavish legal lethal like lit live look lord lot man meet missile momma money monkey motorcade need night offset ornament pay people plane pocket pool presidential pull ran reign residential reverse roll said save seen shield shift shit shut smoke spaceship stack stadium stage star style super tell thank thankful think tournament undefeated vitamin watch weed zone zoo
e2eb0567-3a53-478a-9ca9-b54113d0c8a5,bad believe bye come different distant dog fall give good harder hurt knee know leave listen lonely mind need night patiently reason refrain said taught tell think wait way won
e2f6e283-9140-422f-a807-608cb7d2d450,beach beautiful boxing braving bubbling cloud cold country crossing drink drown emigrate father glad gloomy good gray hand head house money old parent people place post rescue rickety sober tell tire warm
e3271834-7797-4609-a3fc-83e3e22ba2b3,ago allow approach baby beauty brown club combined come confidant crazy dance dare delay dexterity dream eat fear figure firmness fit god good hand highlighted hit hour hypnotize impossible invited know life like liked lipstick long look looked love minute night raise rich short shy single slow suit time waist waste woman
e67d037e-6a84-44fc-aeec-6748f5216212,beat break build business cause chase close cold conversation convince couple evening feeling fight forward hate head heals heart hiding hold know lie like loose lying moment old playing point regret right running shot single stuck supposed sure talk thought time true unfinished use water won
e715a8f7-870e-404c-9924-e7ce509ee50a,advance awaits baby beautiful beauty clothes comfortable die draw drink easy evening face finger fishnet gray hand hang heel herd king leaving light like love night open pencil people plate prepare ready sail shine sick stand stocking suitcase tired train travel uphill win wipe world
e77364b0-4148-4dcb-9e32-7fe814d2bc1b,alligator architecture atmosphere bikini changed clock deep diving dreaming equator feeling fly green hit homegrown hot know lager later like look mountaintop navigate need riding road round sailing sea shotgun south stick sun time underneath unfamiliar used yellow
e8a2bb16-5c4c-4230-a164-6e0d6490c790,asked backwards backwoods belong cause cell champagne city dance day exactly feel floor girl glass good hanging home know late left like love nasty need night page passport phone place reputation right road running seen started stay stressed taught touching used wearing wonder wrong zone
ea17eabb-561e-439f-91ac-8f7e01b91afb,baby beat blacked care come compare cousin crazy cute daddy dance drinking drop expect fight folk freaky fun girl girlfriend god grandma hair hit know learn level like look man mirror nappy old party ready right rim running skinny slide son stop style ugly walked
ea7f5951-0f8c-48d5-a445-fa2835c75208,accept advice arrive arrives asked believe break bullet caught choose end erase escaped fade finally force future happy hard heart hide hour hurt kiss know left life looking lose lost love madman misfortune miss missing prefer pretend promised ruthlessly saved seeing station stole talk thought tie understand wait wake war worse write
eb1dcdf5-5372-4c04-9e95-72f18fb33cb8,baby bad bang banging bank beat believe big billboard bitch blow bobby body bout brain bunny certified chance close closet club coat coin coupe cover curtain deal diamond dipper disco district dollar driver driving drop eating ex fact flexing fur gang halal handsome hard high hookah hop hot hotter jag jeweler jump know lady lam like llama look need nervous new pen pin plaza proving religion rock roof run said shining shit sock sorry soy spend spicy stunting tell text told watch wrong
ee28fc22-4b6a-4eb5-aea2-dc66656f9da5,anymore away bad behave beware big bit bitch blame blood bottle boy bring brutal chick click colder come corridor cousin decorate dismissed drive easter eats entrance exam father fine flex give gnome goddamn gray grip head higher hit honey immediately inside joking leg lift like lit logical long lost lot man master men mild money necklace past pay pull rich right row rub run saver shake sheet skate skin slimy slum stand stare stop strict stupid success talk tell toast train used walk water
ee8149f8-6085-477f-b434-abb9111a5855,blame blue bow butt cause cover face fast feather fit glittery grab help hotel know lick like love magazine mud net new nice pleasure pretty radio right sea sell shake shoe slither star swim thigh tie war wet work wrong yellow
ef6dcfb5-401a-437e-b6b4-4ffa34c8b50a,baby best blind boat dark drag easy heart left life light look love man reason river scared seen shell soul stood sun taught
f107a368-7553-4837-93a9-22f5a87d0265,blue brick broken castle crowded dancing darling fall falling feel fell fix follow following hand hide like line looking lost meet met moon ocean place right river room round sand silhouette sky street sun time watched
f16113bf-a2d5-456e-88a1-81d39dea5aa0,beer bible billboard boat bottle bought break buy dance desert die drink end eye friend give given hand heaven highway hometown key know learn leave left live lonely long love lover man met model mom paint perfect rain road said saw scared shirt sing sky song started stuck sunshine sure wall way wondered
f31c861d-8a1a-4e3d-9ce1-325ad47d8fe0,break breathe come dialed edge escape eye feel feeling game hard head hooked know late lifeline like look love mind need number obsession quarter sin skin sleep song spell tell touch truth
f3b468ac-f341-469d-8a20-7113bd7144f7,acceleration assured blue break bridge bring champion comma control cup defender environment foot gait handed home hook know later left leg like loop maestro penalty refrain right serene shoot small strike striker terrain thank time
f412e5e4-9253-4112-ac92-ee183c6558a2,end erase friend give governed height higher hurt know life limited love past place sell short space stop time unconditional universe world worldly
f4da1b2e-6eda-4d01-8fea-a2e20a7c54ac,bad bitch black block boy bring buy card care cause champagne chill choice clap code confirmed deserved drake earned ex feel feeling fuck girl hit jump kill kiss know leave like look love ma miss neck need net new option photo real riding safe shit special spend swear thought trade trap weak work worth wraith
f61899d8-46dc-42a1-89c3-6c32d1952342,air baby boulevard brought closing cold crossed danced dark devil escaping filled hand hear heart highway hold light line lonely love night pretending quarter reach red riding running silence stop storm tank time way world
fb5ab6e7-4137-439f-89b6-f14b8f891f77,away baby beat believe cause conversation crawling damn day dead die drunk end face game give god goodbye hope know lately life like looking love man need place pulling push remember running stranger surrender time told used walking
fff72a5a-3179-4213-99d1-1668c8d4e56e,arrives background bed contact corner covering disappear distrust dressed ear expect face felt foot hair heart home hour irrefutable kissed knowing lay looking love loved low message motel night post proposal radio reason recorded room save serenade sky spend suspicion swore taste touched unawares unfaithful use watching
