song,artist,words
girls like you,maroon     cardi b,alive baby backwood barely cause close come day daylight drive drunk flight fun girl good guy hour know late like love need night play right roll run shit spent sundown thinking time way weekend
flames,david guetta   sia,babe bay breath burning day feel figure flame foot know lead listen look love moving pain past right running send stop strength tear trip voice
i wanna know,notd   bea miller,body cause closer dreaming feel hate know laying like mind moved night shirt staying think tired used waiting
ocean,martin garrix   khalid,aching apart baby build carry caught choose comfort crash dark different direction door hand head heart idle know lose love matter ocean play question right run sand shadow soul sure tear tell time velvet wall wave way wipe won
duro y suave,leslie grace   noriel,airplane alcohol baby bite body bottle bristle change coming couple dale end entire fear feel finish game gentle give grace hard hurry hurt intense kiss know laughter lie like little look love ma model monster mouth pact power scare sealed secret slow smoke smooth sound star tell think tickle time turn undecided world worry
fight song,rachel platten,alright ball belief believe big boat bone brain burning care cause chasing deep explosion fight friend hear heart home inside know left life like losing lot loud match miss motion ocean open play power prove right scream sending single sleep small song starting strong time turned voice wave worried wrecking
no tears left to cry,ariana grande,babe body boy color come fly hate know left like matter mentality mind mouth partake point ran right shut state stop tear time way
je ne parle pas francais,namika,body champ charming coffee continue cup draw dust face falling hair hand hanging hear house language leave like line lip little long lost moment nice pen people plan remains scar share ship sorry sound speak stand stop suitcase sun talk talking taste tell think time understand unfortunately wild wit
nightvision,broederliefde,arrogant baby bad balloon bar bikini bit bitch body brotherly calendar carry cat champagne dale dancing deeply destination dirty drink drive end feel final fogged freak freaky free gender ginger glass good gray hater head hold hot lady land learn leave like live loco look love member men neighbor nervous night nightmare nose old open overseas package pointy prudent ready regular remember ribbon rich row saw shit shoe slimming slow spike stare sun swim tea tinted treasure trip vas villa vitamin wait water wearing window young
my way,calvin harris,awake faced far feel heart lie removed understand wait way
mafiosa,lartiste   caroliina,alright amour assume avenue bang bar bout cachet censored come commence et expect fall femme fine fishmonger good handbag heel honey husband kill long love ma mafia man marathon mess motherfucker new nous play pot premier prototype rend shocking simplifier sort suite volume way
sunshine girl,moumoon,day dressed girl great happy hello holiday like long lucky mama mite motto party ready shine sky summer sun sunshine weather
ponto fraco,thiaguinho,bet choice completely conscious crazy dirty god hand happiness happy imagining impatient inconsequential know lacking looking messing mind mistreat notice people play putting sick supposed surprising way weakness wrong
zkittlez,gringo,act ball basement beam biggie billy blow blue blunt breathe bring brother brownie business carnal check cherry city clap coco combat come company cookie cracked criminal dead diesel digital ditch drive drug east enemy erase eye face fell fitness fix flow fore free fruity gang gas give gold goon gringo guess hall hard haze hell hit international ix jail juicy kill knee knockout law lead leave lemon light like loco love mama mask men mickey mike mob need new noise number order pavement police pool pun rainbow rick road round rowdy run salt scream scum semi shit shootout shot sit sketch smoke snitch spark stack station stitch straight street sweet tale talkie tell tie toss tr trap trill walkie work wrong yell
berlin lebt,capital bra,account application area aside asked bag balance ball bitch bra brother cart change child clear college come count customer damage distribute double earth eat enemy fat fitness flying fuck gangster ghetto good grab growl hater horse kill know later leave lie life like lion look match minimum minute money nerve noodle notice original pack passport people plan pole press protection psychopath push quality rapper rejected request rest roll scruple shake sheet shop shout slut son spicy stage state steak stomach table talk teacher tell throat wage waiter world written
lovely,billie eilish   khalid,alive away bone day fear feel fight glass guess heart hello hide home hope know lovely mind near need night place skin stay stone tear thought town way welcome
el clavo,prince royce   maluma,account bad boat bounce boyfriend care drunk enjoy fall fifth fuck good hair hurt idiot kick like lip look love lyric nail post pull rubbing seen skin space tell think thinking time tremendous understand woman
drunk groove,maruv   boosin,amazing baby crazy drive feel fuck game hazy know look play shot slow talk world
heathens,twenty one pilots,abuse ask away blasphemy brain bust certain change check come day deal docked door forget friend grenade gun hand heathen intention issue knew know like look loved mention murderer newcomer outsider people psychopath ready room said sitting slow smell stay stayed think tried trust wait warn watch weird welcome
siguelo bailando,ozuna,accelerates accommodates adrenaline arrived beauty begin burning care continue control corner crazy dance danced dancing delicacy dominates drive end engineer enjoy excuse eye fashionable flow follow give head know leave left like looking ma machine mess miss mommy monotony music night oil power problem rhythm rumbling shake solves stick stop tell think time traveling weekend woman world
alright,jain,alright angry board boy bridge darling dawn dream fine fist give higher know life look love rising run short sing stir stronger sun tear think tight time voice way won
i said hi,amy shark,arrive asleep awake bet blood bout boxer cheekbone chew corner day fine fly give gum hand hell hit hope lay left like lying moment mouth nice note paralyzed pump rope said sick spit stand started tell thinking thought throat time tired vein watching wonder world worry
body,loud luxury   brando,babe baby bad body crew dine fun hell hit incidental innocence kiss lean leave like limo long love memo naughty pedal ride said send signal sound wait wrong
fake love,bts,aching bad blind cause changed doll dream fake flower forest forgot fulfilled gave good grown happy hell hidden know leave lie look love mad man mirror perfect pretend pretty route sad sick sorry stranger talk understand used weakness world
miljonair, hirak  sbmg  lil kleine  boef   ronnie flex,achieved air anymore ask blood bomb bought boy bridge car changed charge come crashed dad day different dig dream fall fan far fast father favorite flex future give god gutter happy hard hold hood hook hope know lie life line longer madness mama men millionaire old opportunity peace phone pocket post pride proud pull push question rewarded run said sale shit small son star store straight street success swear swipe talk tear tell thank throne throw told turn used waste work working
cool for the summer,demi lovato,bite body care cause cherry cool curious die fuck fun judge kiss like little mind mother need paradise play prize right scared secret summer taste tell time won wrong
the hills,weeknd,babe base best bitch cause coat coke decaf drug eighth eye feel fore fucked girl good heel hide high hill judge knee know leg lie life like line live love moment motherfucker panty past pill play president real rehab relapse remember safe said saw send showed simple slide smoked started strung stuff tempo throat time told touch trust wraith
one kiss,calvin harris   dua lipa,cause company easy exploring eye feel feeling heaven kiss know like lit look lost loud love message moon morning music need night passion real skin sleep smile time way won wonderland
trust me,l  b  one   laenz,alike baby bled casualty cheat crazy cruel damn dipped exception falling false fold follow fragile give greedy guiltless heart honestly immune infected inside kiss knew know lack legacy lie like liked line little mind neck noose place playing pool pride psyche red regret reset road rule ruse scheme scream sleep slipped soured spotted stick sure sweetness tell tempo think thought time tragedy tried trust turned wasted
friends,marshmello   anne marie,away bridge brother clear crazy door eye fight friend haven head insane inside known like look looking love lover mess morning obvious polite pouring push rain reasoned refrain said shame shit spell talking time told turning
dura,daddy yankee,air arm arrest beautiful beauty bed blaze boom bring bye come crime curve daddy dancing drive eat edition enter envy exist felt forgive girl give good grave greeting hand handcuff hard hit horn insurance know leaf league level like look machine material mind mom number paralyze perfume photo plan powerful ram recipe resounds said saw scandalous scheming shine silent size skin special star stick street tell touch tough upload uproar watch whispering woman
hon dansar vidare i livet,hov  ,adult ahead alpha anymore apartment beautiful bed best biggest book burning car certainly changed city clothes come cut dance dark deny disappeared dreamed eve evil expensive fan feel flower forever forgiven forgotten fun good gossip hair hear heard heart home hope ink intellect jewelry kick know late lay lie life like listen live located long looked looking lose lost low meet mirror mother obviously old omega pencil permeated picture pillow plastic play prayed radio rain rear released remember right road said saw scratching secretly send shape sleep sneak song spray standing street survival tear tell think thinking thought throw time turn used way window won world wound write wrote young
dj waley babu,badshah,ask baby ban bass champagne club dance fan floor hood junk know minister patience patient power public remove request rest school shower sorry table test thank turn volume world
la meme,maitre gims   vianney,ask big box choose come complicated dark darling day deep desire disturb embarrassing enemy envy fall followed freedom friend glass hand hear heard jumble life little live love man mask mess mixture monkey opinion path people sage sing squeezed tidy understand waiting zigzag
bua bua,naiara azevedo,adventure bus chest cold college coming cried dehydrate eye friend headset heart hidden hunger joint lost lot love mouth need regret saw screw shared sleeping smiling snack soda spent stop weighed weight
easy love,sigala,baby come counting easy girl like love melody ray repeat simple sing sit think
amore e capoeira,takagi   ketra  giusy ferreri   sean kingston,arrive ask away baby bad calm closer drop eye fall flex gal goodnight high king know lie long looking love lover matter moon night ovum pull push rain resist return roll said sea sex sleep special storm strong summer sunny tell think time wind winter
don t give in,snow patrol,blood cause dare ear easy eye fall flight follow forever fuck give grace hold instinct know learn learned lesson like longer look loss lost lot love loved mind old quit soul sword tell think tongue trained way wing won working
apelido carinhoso,gusttavo lima,accepting affectionate baby business chosen complicated day favor feeling forget form hardest insists know love messing mind need nickname past pending person present ran recent secret situation term used working
te amo,piso      paulo londra,absence attention away baby beauty believe big charge chocolate courage crazy day desire disappointment dream drum failed fell finished floor flow forget frustrated given heart hope hurt illusion imbecile kid kissed know lady late like lion lose love loved miss night pain pardon pass passed recorded room seeing sexy stand stared tell think time write
se vuelve loca,cnco,anymore bad ballad beast body boom cheat crazy dale eye feeling give glass hiding highlight home honey inside know light like little lot love lyric missing mom movement record remembers rich saw seen site skill speak surprise teacher tell thinking turned
non ti dico no,boomdabash   loredana berte,arrive ask august away bone bye change chase close corrodes cruel early evening far feeling felt finger forget girl give heat high hitchhiking hurry journey know liar life like local love low moon night paid people premise promise realize rock sad saw scent sea shaman shatters skin stay swim train trouble water way world wrong
el prestamo,maluma,alright analyze arrive ash ask baby best biggest bit clearly conclude couple curiosity deserve evening fall forget formula game gave genius give giving grows hope interest leave lent listen little look lost lot love lying madman men mistreat moment month morning past pay plenty prefer promised reason return right sorry speak stay tell time turned understand use
healing hands,conrad sewell,alarm apart apartment ask away break bridge broken changing clean come dark darling drunk face falling feel give god hand healing heart home know left lie love man park phone promising stay stumble swear touch trust turn used walk won
wish i knew you,revivalists,beautiful bright bury city come damned door ghost god high holy hope hot inside knew know level light like loneliest long lost mind mood need night run running seed share shine sound standing star stayed stranger sun truth underground war young
baaton ko teri,arijit singh,door hear ho hum know pal sorry
wann dann,capital bra,baby bag biggest bitch bottle bra bring bum burst capital chart chill class club college crazy drink drunk dun fast feeling fight fuck fumble grad high homeland investigator jam leave like live money passport realize rest roll run sack safari slow sound start stunned sweater turn wheel woman
drink about,seeb   dagny,beggar bet bit bleeding buck chooser damn drink drunk fuck give hard high impatient information lip little living pay picturing room rug stop talk telling think truth waking yard
mercedes,eno,advance ask aura autopilot away baby banker black brother car carry charm cold coming connected count cut cylinder directly dirt discount drive driving early emergency ensure evening fact gel handshake inch jack jacket jogger jogging lawyer led like massage matte matter money neighborhood new number outfit pack petal phone pick play pointer polish president prince pushing red reflects relaxed rim roll rose run saluting season seat situation soprano speedometer state street suit throw vacuum walk week
vibes,six  ,aim ask away breath bridge bulletproof chase crazy face felt gun hazy heart hook hope lately loaded looked lucky moment pretty refrain room saw sending strong sucker true turn turned vibe
glad,bro,angry baby bad bridge buy case cold come contrast cup dinner doubt drink drop ended eye feather fillet final grill happily happy hard hell home hope ice invite late like long look looked love man meet nice night parrot pole problem read reason refrain saving shot smile song steak summer tell turn use world writing
079,lo   leduc,able advance ambulance anymore ask bit burst combination day drown end fatal finger gab git give house lend little lodging long number numeral numerator oak page refrain singer sit slow sure tram use way wept wink wonder work worry wound
solo yo,cnco,answer arrives baby body care caress condition crazy deny doll dying enjoy escaped favorite feel forget hide hobby hope hug illusion kiss know like long look matter mind miss mom mouth need river sea skin tell touch truth understand
melodien,capital bra,answer anymore babe baby bad believe best bit bitch blatantly boy bra capital chill club color compete deserve disappointed drink fallen fast fight forgive fun game gas glass hangover head hear hook hurting know leave leaving like lot loud love melody miss missed mouth pussy question scar screwed sip stable station stink stranger tell thief thought time way weekend wonder worried
locked away,r  city   adam levine,alright away baby balling buy cause come die fancy flaw girl give goodbye hold honestly judge knew know lie life locked lost love low man money need play real ride right showed spend stay stick strong tell trust
feel it still,portugal  the man,abyss baby bother case come coming digger dream dust easy eclipse enemy fall fallen feed feel feeling field fight flipping girl give goodbye grave hand heart hope kick kid leaf leave left like little living love mama mouth need peace rebel shelf sitter stop think time wait wall war won
sin pijama,becky g   natti natasha,arrive automatic baby bed best bitch bring cannabis come control curfew drama drop excitement feel flame give goal heat house know lady leave light like look love manual marijuana meat morning pain pajama photo pillow pilot planted remedy romantic room ruin season seasoning secret send shock showing sleep stayed tell theater time traveling turn video wait way win world
nonstop,drake,amen band bar bass big bitch bitter blind block body brand break brother business catch cause check chicken civilian content crazy curtain cut damn dance dark deal digger dog drop event expense figure flipped floor flow fuck funny future gimmick give grave hand hard hardly head hit hot king knew know left light like look lord love man misunderstanding moment money offense owl pack palace play prayed printer profit public ran rap real reason represent resents resilient respect revenge ring said scared shit shook skinned slice slime sneaker standard start started stop stopwatch super sweat tall time told trillion wedding wig wild wrong
devia ir,wet bed gang,act acting answer anymore argue arrive august avoid baby bed believe bet betray biggest boat boy boyfriend brain bridge brute bunny buy cash choice come confused cool crazy dam dark dawn day dick discount discussion disguise door dream eat enter fake flashback flight friend fuck girl god hard head heart home honey house husband insecure insert judgment know lair laugh leak light like listen little long lot love mania matter message mix morning music new night nightmare package paint pant pay piss playboy present reason ride ring send shake share shit shot sick situation slow smoke sound store stronger studio suck supposed talk tar taxi tell time trick upset vagina voice wait warn way
in my blood,shawn mendes,afraid anxious bathroom blood breathe caving chill crawling drink ease feel feeling floor give giving hate help home insecure laying like looking medicine mind need overwhelmed phone skin slowly strong telling wall way
marvin gaye,charlie puth   meghan trainor,babe bone closer dawn dog eye give healing home karma king leave like love loving mercy pull screaming secret share size song stray subtle tell trouble
day by day,swanky tunes   lp,alive arrive believe best burst comeback day diamond die feel fight hard hold invisible know leave light like listening night overnight right rise run sell soul stay tight time underdog worry
oh child,robin schulz,away cause chasing child day difference drink fade fall father forget happy haven high history husband kept know learn left life like listen love lowest memory missed mistake night non pretend regret right road rough said sing song tell travel way wife won world worry wrong
together, magic,cause come different door dream end escape fate fear feel fine forever inspire journey know life like lost moment place pretend stopped time true worried
kom over,kesi,away best bridge city clear cold collection come contrast curly different exactly far fat give giving hair hard heard heat ice inside know like long lost message moving night phone place play playing prove space start straight stuff think time worth
bonfire,felix jaehn   alma,bitch bonfire breathe bring business close drink eye feel fitness flame fuel gasoline hate head hear higher hurt kill know light like live look mad mouth poison rain right run shade shit spill spin strong stronger think throw whisper win wisdom
sit ku ma oon vapaa,sanni,add afraid ask asking bad bread bridge change coffer crumb desire dispute dude end fast foot forget free friend hell hit home know leave like little love message missing morning new notice password pen picture piss ridiculous right roof room sit sketch skirt sleep start study time trade understand way weight wrong
wicked ones,dorothy,apart cause come dead evil faint fall hand heart holy laid land lay leave love man night plan play promise raise run sleep train wicked wreck
djadja,aya nakamura,according atrocious baby bail bed big brother catnip choke class crazy cross damn day dead delirium dirty end grandpa hear hell hello hot kidding know like looking money moral played post problem purpose role rumor slept spit talk think way world
neymar,capital bra,album away beef bitch board boutique bra bros brother build car cash change college colorful come court culprit daily dark deep deny diamond die drive easy evidence far fat fine flit flow fly forget fresh friend gas give gravel head hide high hit inch judge know leather lick light like listen locker looking money moon neighborhood opponent paper play playboy police pull purple respect rest roll sale saw scream seat shine shoot shut smoke song star stashed stay stealing street subject taste tell threaten trust understands vacation waiting weed wheel wide witness world
italiana,j ax   fedez,allergy amnesia antihistamine asks ax bad beach believed bona boom bridge certain changed come cookbook costume count country culinary culture curriculum dance discount discounted dispose divide early election eye fake fall far fashion feed feel fit flag forgotten high hippy illusion informed intersection know leader like listen looking lost love luck marathon missile mix music new news offer opinion oregano passport people photo play played polygon pubic raining real red remain republic retreat return scared sea series simple sky smoking story strophe summer tell throat time touch train triangle turn version voice wait waiting water waxing weight wind work world
magic in the air,magic system   chawki,air atmosphere change come crazy feel forget friend galore ghetto hand higher invite join level magic magician mambo raise red shortcut sow stalled support usual work worry
hipocrita,anuel aa   zion,apparent ate away baby beg bipolar bridge charge come cowardice crouch day entangled entrance evil expect fail filled flowed forget gave god good hate hear heart hypocrisy hypocrite insecurity inside key love lyric mask mommy music night opened patience post problem prove raining real remember share sheet tangled tell thought told tread unknown walk
melody,lost frequencies   james blunt,beat change counting cut harmony hear heart hit key lost love melody need night note play reason sing smile sweet use
star train,perfume,dare music star train
felicita puttana,thegiornalisti,air bathing beer blow blue body bone brothel car cartel come endless establishment eye feast give good happiness happy head heat holiday kiss left like melt minute mood news nice office orange patron post prefer queue quickly rhythm right saint salt sea send shirt skin sky smell steering summer sun sweat swim taste tell think touched traffic violet wedding wheel white whore wind
6 days,mahmut orhan   colonel bagshot,alive behold billion birthday bomb breaking burn candle come day dead dimly doomsday extinct eye feel fool frown funny ground gun hear hit home knit late leader learn light like listening lit living long lunch men negotiation news outgrown overhead punch running saw shaking shelter sight sitting sound space speak start starting summit sword talk think thought underground war week whistling wool
ya baba  fitna farebi ,nakash aziz,afghan khan loot
worth it,fifth harmony   kid ink,baby bluff cause clue come give guaranteed harder hurry know like little lot love mad rough soft spot stuff style talk tell think time true waste won worth
tesla,capo plaza  sfera ebbasta   drefgold,air area asylum best boiled bridge brother calm capo care change clear drink energy field fishing fly flying friend girl glass guard hard hater head heavy imagine inside interesting juice like look mom money new orange pink plaza pocket pouring purple putting reason ride right saw shoe slows spelled sphere spinning spying square star strophe stuff sun tail tell throw time turn walk wall waste wave wheel window write
ao vivo e a cores,matheus   kauan  anitta,afar anymore bad bedroom bridge cell color come cool doubt embrace horny hot hug invade leave live look love loving panic phone photo room screen seeing stand stay tight time warm
toto,noizy   raf camora,bad beat bit black boll buddy chain companion cried dame dance darling den drink friend gab gangster geld give gold goth hard hat hope know like little long love pare party perfect private sex sexy slow snap sound trace weekend wine yard
no brainer,dj khaled   justin bieber,answer applaud arm attention baby best bitch blow bout brain chain change choice choose classy critical crowd damn dead demanded designed drop excuse explain father franklin give god gorgeous hard hate high hoe invisible lame law life like list live look lot love mama mansion mentally messy mind multiple music nasty night notice physically presence qua real rich right rise rule soul spiritual squad stick stranger sun talk test text time told unloose walked watch way wrong
bien duro,c  tangana,anymore arrives ask bad beautiful boot bridge bug cash change club come crazy die enter expensive face free given good hard kill know like load lost love lyric money monkey need offer people pulling right sheet slow sound stop throwing time unleashed wave wrong
ysariboi,dj oku luukkainen  pasi ja anssi   portion boys,accurately ambulance asshole badly bake band barge beach blob boy bucket butter change changed clock companion cousin dance dancing daycare drum feeling fillet fine foot fortunately freezing girl good hippie hit jump jungle like little looking lost love loved millennium mind nap needing oak old overhead party portion pump punk remember ring romance sending sensitive spit stupid sun think time visible way welcome world yawn yawning
la cintura,alvaro soler,anymore approach beach body causing closer collide come control culture dance dancing dawn day dress forgetting fruit give heart heat help impression learn lift like morning need novel order passion play practice sand sea shine silk stand stop stumble sun television think vein waist walk warm wave
xtc,lukas leon  etta   cheek,able according afraid ball beginning best blow bowing break broken brought bunch caught cheek close cold color come counter coupon crazy crocodile croup dancing delightful diamond drop drowned drum drunk dusk ecstasy exit falling finish fucked god hazard head heartbeat heaven heavily killer knowledge lead leaving left life like line longer look lose met mild mind miss missing muzzle night nighttime ocean pill press promised raise ringing rise round scream sea ship sit skin skip sky snooping stand started stepped strong suggested sun sunshine swallow toe trip unexpectedly world
perfect,ed sheeran,alright angel arm baby barefoot beautiful breath carry cause child dancing dark darling deserve dive dream dress eye faith favorite fell fighting follow future girl give grass hand heard heart hold holding home hope kid kiss knew know knowing lead listening look looked looking love man mess met odds perfect person right said saw secret share slow song stronger sweet time underneath waiting whispered woman
god is a woman,ariana grande,afraid baby believe blessed boy come company confess deserve different feel fight flourishing god hand know lay like lingers love midnight mind pray relate rest said save slow soul tell time told touch track universe waste way woman
rise,jonas blue,anymore break care change climb dropped fall future give hate hit hold house know language living mom need proud rise said savage speak talking think won
meli meli,ali b   numidia  ronnie flex,aware away baby beat big build buy class climax come daughter day door ex eye fanned feel finance flex game girl give head high hold hook hope know like look ma marry merry mind mother place price promised sorry stay tell think turn unfortunately villa walk
usted,juan magan   mala rodriguez,believe betrays boob boom cackle cinema crazy dad desire different dream eat end eye finger fool gave give hard heal hungry know late lesson lie life like lose love man matter mind mud night people pity realized recess rest romeo ruminate saw sight street stupid swimming tell think told treating trusted ugly victim walk
sicko mode,travi  scott,absolute baby baguette bedroom belt big bitch block blue book booth bout boy bus chain chase check circle clean clue cold colored coupe cover cracker crept crew cut dance dash daughter deep different dizzy double duck ex flight follow foot formal fruit fuck function gate girl give glue god goose group hand high hit hoe hop hour ice jeweler juice jump kite knocked know land landed life light like lit lock look loose loot lost love ma mama man mix moon need news nice night noose ocean old open paid papoose parachute pass pick play pool price produced pull pussy reboot record respect retreat right road roll roof room said school score seen settle shit shook shoot shorty shot sicko sight slept slop spending stop stripe suit sun sweet text think thought threat told town treat tried turn uncle used way weak wet win winter young
dheere dheere,yo yo honey singh,base know pal
thinking about it,nathan goshen,away basement bit come dream eye far fix fool give good hard heart kill know like little look replacement right settle thinking true wait work
happier,ed sheeran,apart arm baby bar bottle break cause corner darling day deserve fall feel friend guess happier heart hide hurt inside knew know laugh like look love lover month moving need new nursing park personal promise reminding room said sat saw smile telling told truth waiting walk walking wide
stargazing,travi  scott,alive alright amenity astronomical baby barre beef bleed bleeds bought bounce bout bring car chopper city come crazy cut day diabolical dick dog drown enemy excelling faith feel forever gang girl gold guide hectic high hit improbable injury interjected itching jealous key kid kill kind knee know lay lead lean life like lit look mama money new night nose note past picked pit played plug problem projected propane psychedelics relocate repellent responsible ride right save seal section shit sky spit stage stay straight sugar tell thought throwing time told tour tourist traumatized tried trophy way week
when i grow up,dimitri vegas   like mike  wiz khalifa,achieve anytime ball bar believe buy chance comfort cool cost discussion dysfunction easy fall feel fool gang good grind grow hard hater hear hill house interruption kid know large left legend like look lot love ma mom money motivation music need paid pay performing play plenty position promise remember right run rush said shit singing sleeve slow smooth speaker star start stuff summit swear tatted time toe tree true underneath younger
shotgun,tix,account bing boom boy campaign car catch celebrating certificate clash collection country dad day dear debt doctor drink drinking drool drove easily election finger forgotten free fuck gather give guy heard hell lasso list long lost money pour president pronto pull raw remark respect school shotgun shout sickest think virginity voted win woman wrote
solo,clean bandit   demi lovato,baby boy broken cause coming dancing day ex fool hear hearted know leave like lose message music new night parted party read single stop time touch turn worst zone
echame la culpa,luis fonsi   demi lovato,accept anymore baby bad blame confess eat fake fall fight forget hurt kiss knowing leave like love magic met mistake need place play promised story suffer understood wrong
around the world,natalie la rose   fetty wap,babe baby bed body bout boy burn check coast enjoy fly girl give high hurt know language like lip love ma man map master nailed need pay plan ride rose round sand sit talk taste tell temperature trace trouble watch wing world wrap
a l ammoniaque,pnl,air ammonia angel animal away bad beautiful beer bleed brain caught centime claw cut dark degree desert devil drop drunk exist eye fade family faster feeling filth flower forget forgive fuck fucked fucking give god grow happy heart home hot hunger hurting inch invited jungle lack life like little live lose love madness man moon note opinion opposite paranoia passionately race random raven reach regret release replace replaces respect return rooster sad savage sentence shoot short sick soul story sun talking think time turn understanding valley vision waited world
toto et ninetta,jul,asks asleep baby bridge confusion crazy cuddle day deceive despite dream end fall forget girlfriend grow guy jealous kiss life like little look lot love matured morning mother mouth night old pass problem push refrain safe shenanigan slept sulk talk think thought time told touched trace worry
dura,daddy yankee  bad bunny  becky g   natti natasha,arrive away baby bad boom bridge bunny bye care challenge climb come conquer curve daddy dance dancing danger die eat edition exist fever filter follow forgive fumed gave general girl give good great hand hard hit horn left lemon level like look loose lost lyric marathon material messed model mom mommy note notice number pay picket pique plan post power queen rabbit rain raise raised resistance rule rumbling said saw shine shorty size skin special stick stop street stripper tell throw ticket touch tough toy track triple turn vegetarian waist watch wiggle woman wrap
hoe je bent,broederliefde   frenna,accelerate amigo baby black bottle brother cause champagne chocolate come completely contact course eye feel flex gazelle girl heavy island juice kind know leave like location loco looking lot lotto low ma model mom moment need people perfect play read responsible sauce scared selection sexy silence stagger stout team temptation time vacation way wine wined
i like it,cardi b  bad bunny   j balvin,baby bad bang banging bank beat believe big billboard bitch blow bobby body bout brain bunny certified chance close closet club coat coin coupe cover curtain deal diamond dipper disco district dollar driver driving drop eating ex fact flexing fur gang halal handsome hard high hookah hop hot hotter jag jeweler jump know lady lam like llama look need nervous new pen pin plaza proving religion rock roof run said shining shit sock sorry soy spend spicy stunting tell text told watch wrong
what do you mean ,justin bieber,argue baby beat catch complaining compromise confusing day end happy head heart indecisive know leaving left love mind night nod overprotective point preaching right running said start straightforward tell time turn win won
hands up,merk   kremont,apart away bed cause clock dead decent dragon driving end felt finish fly foot guess guessing hand jumping kicking know life like luck ma messed mind sheet ship sinking sorry standing start street strong sweep thrown ticking
if you re over me,years   years,baby believed break breathe change cold come cruel deceiving easy ended fate feel free game good handle hate heal heart hurt know leaving lightning like long look love lying minute mistake need offended pain played real remain rising round said spreading stop story team tell telling tempest thought thunder time way won
lay it all on me,rudimental   ed sheeran,anytime babe baby believe cause door escape free friend heart hurt hurting key lay left locking look love need remember scared shoulder uncertainty won
eastside,benny blanco  khalid   halsey,away baby believe blue break bus cause city coast come corvette daddy day dead different dream drive end enemy falling family fell friend give grew hand heart hold house idea job jump kiss know late leave life light like line love man meet mind new old pay place pressure ride run said seat seriously singing sneak start started starting sun thinking touch turned underneath used way window young
downtown,macklemore   ryan lewis  eric nally  melle mel  kool moe dee and grandmaster caz,air alley alright arm baby backstage backstreet bad balance banana bank beef big body bout boy break budget bullet bullshit bus cab canopy cash catch cause chill chromed coat concrete cop crew cruising cut dally damn dancing day deal dealership dope drag dragging drop eagle embrace face felt fish follow forget free fuck game gas girl give god good hair handstand head headed hell hello helmet honestly ill kickstand killing kit know land lawn layer leather leg lick like listening little low lying ma mama man mayonnaise mirror mom moped mow mullet need neighbor ox passed perusing pike pimp place player pulled quick rare raw real reprimand ride run running safe said salesman sassy scrotum seat seen shit sit skate ski slick slow sounding stack stance stick stone stop store street stunting suit tail tandem tank tear tearing throwing toeing town valley view waist warm washed watch watching water wheel whitewalls windshield wonderful wristband yelling
maria,bizzey   ronnie flex   hirak,ask body boyfriend burn come crazy dawn drink drop feel flex floor forget friend girl god hallelujah ho horny interfere know little magazine maria mess need nice play post refrain sauce scene seesaw shake shit shy slow smoke stay tell think time unnecessary waffle way wine
speed,zazie,age anymore badly bat bear beat body cage catch cave come dead faster feel fighting free heart hibernate hide hop inside leave licked month new old sleep speed speeding stand stop time tune universe vibrate wake wise
que suerte tiene el,luciano pereyra,away beauty bother care caress charm charming close cold dropped explain heaven hurt kiss know leaf left lonely look lost luck lucky night pretty run saw shade skin stand star steal sunrise tell time understand warn woman wrap
ignite,alan walker   k      julie bergan   seungri,afar alive baby beautiful believe breathes bridge burning collide dancing darkness daylight diamond dream dying eye falling feed feel fever firefly flame forever freeze hand hear heat heaven ignite infinite kind lead lie life light like little lost monumental need night pain palm particle post right rise skin speed speeding star starship sun survivor sweetest tell temperature touch tremor turn
ballin,luciano,apartment awry baby bag bale ball bar bares beach beat belvedere board booty bridge bro brother bundle cash chill cognac colorful come designer drink fight flex focus fuck garden gas glass goal great grill hard hatred head holiday hook hungry hunt know lady later loco look lot louder love mama model money music note opponent paper party purple role shut skyline star street success turn unit villa volume wobble worry
seksihelteet,hesaaija,attic bacteria bad bead begin believe birdwatch bull change clearest climate come coming cottage crossbar cycle cycling day deceiving degree drain drive endure faith festival firework forcing frozen grant ground help helpless high hit holiday hope horn ice imported issue knife laugh leg living locked luck moment morning mud mum need pull reject remember right scar sex snail snow soul south spiritual stress summer sun tent time trip unfortunate used vacation warm warmth warning water week wet wine work wrap
liefde in de lucht,kraantje pappie   joshua nolet,according air blessing breathe bridge church contradict daddy damn day deep disappeared dream drop emptiness enjoy exaggerated exhale eye forget fortunately freeze fucking gold great heavy hook hope inhale jackpot king leg life lift live living longer look love luckily moment need principle push recorded return run sad share silence sky sneaky soft successful summer sure thought throwing true young
like i m gonna lose you,meghan trainor   john legend,baby blink breath broken cause chance close disappeared dreaming eye gold goodbye heart hold kiss know like longer lose love minute moonlight movie promised pulled realized regret relief run scene silver smoke split standing tear time truth walking whisper woke won
i ll be there,jess glynne,bed blame break breaking come dark darkness drink face fading falling feel hear heart home light like little lost love need night rhythm river rolling share spirit swear tear used work
wide awake  red mix ,eric saade  gustaf noren  filatov   karas,air awake away balance believe bleeding break bridge care come control cool day deep desire escape feel fight flame head hour ice inside iron leave like live lose love matter mind paradise praying scared sending sing starting surround time underground water way weakened week weekend wide win won
boo d up,ella mai,anxiety ask attached baby biddy body boy breathe build ceiling choose closer control crazy deep die feel feeling grab guess head hear heart heel high jump know like listen look love mind need new pull right stop tell telling think told touching true waist way won
wine slow  remix ,ronnie flex   famke louise,afraid answer anymore arm baby bad bath body bomb boy breath close club come darling day difficult feel flex girl give honey horny hot insecure know late life like look loosely low man mistake money need play promise rave rest right sauna scared sidewalk slow slowly smell stay sweat talk think treasure tub way whine wine
kennzeichen b tk,capital bra,action addicted alive argue ball beat bra brother capital carry cell chain chin class coin college come coming counting crass crook cruel dark day different directly discussion drug dust enemy exception fat fist flow forgive fuck gang ghetto give grab greeting haze head hectic heroin intoxication iron kick know life like lucrative man math mistake money mouth music neighborhood night notice open option packet police price protecting purer quality radical rap rapper reaction real reasoning registration remains right role roll round sawed shoot shouting smoke sound spread stage stairwell standard stanza statement stay steadfast talk talking taste teacher team threaten throne tick time true turn ugly vein voice world
da zero a cento,baby k,baby beat bed brain burn cappuccino come cool count dip fall foreign forever fridge heaven home jump know leaving like look looking lost morning music night palm party people photo place plane regret remember rise scratch sea shoulder skin sky summer tattoo throw touch touching tree trip understand wheel wind zero
sun is shining,axwell   ingrosso,alright band behold belief bite bullet castle come day diamond dry faith forget forgiving gold guessing hand hard hold loudly love news play raid regret sand sea shining shouted simple soul sun tear tell tight tongue undone uneven unfold waiting way winner wrapped
x,nicky jam   j balvin,abnormal anymore away baby beat breaking clear continue day deny desire eat energy felt friend give grab hand hip industry jam kiss know lie like man mom neck normal plate quench saw seen sex start stopping street stress stronger talk tell thirst worry
same old love,selena gomez,apart away believe blown body break breathe cause change changing feel forget hard heard heart kind knee know left like love mind old peace right said shit sick spending tear time wasting won
fotografia,carl brave  francesca michielin   fabri fibra,air alarm art beautiful belief belt bomb bonsai bow brave bridge car care cell change cigarette cinema city clover come confuse control cover daisy distance dive drink drowns duck endlessly eye face fashion film friend give glass god good grave hater heart hello home hope hour informs inside kiss know late leaf leaving like listening live look looking lose love mama maneuver manhole married melted message motorbike negative new night normal oak ocean open outdoor phone photo photograph photography picture pocket pond problem rain record red rock roll roof roundabout scooter sea separate series shirt siren sister smile social solar sound stay stone strophe stubborn swear talking tell throw ticking time trouble trust uncovered use various wave windshield world
kaksi ihmista,haloo helsinki ,ago ahead alive asleep beautiful bit break changer changing chin coin day evaporates fell good harder horse left life like listened little people pit said spend spoke surface talk talking thanks understand wondered yard
pablo,rvssian   sfera ebbasta,adding appear area balance bar bond bridge bring contact day dead dona envying escort fake feel flight friend girlfriend gringo jackpot joint know lift like live long look ma money multiplication noise number plug quiet raise real refrain relax repeater repetition saw smoking sofa sorry speak sphere spreader strop stupid taco think tone trapping world
where are u now,skrillex  diplo   justin bieber,admit attention broke deny door doubt faith game gave hoping joy key knee leave lord moping need open shirt showed sure tell turned warm
lucid dreams,juice wrld,ache bed blow break change cough dead drastic dream easier end evil face fake falling feel forget friend gave girl grave hate head heart inside knew know landing left listened listening love lucid mistake past plastic point prescription prettiest replace ring room said shadow shit tangled thinking thought watch way wedding wind won
magic,tim bomb   tim schou,appear beating believe bird blessing blue bridge changing dark different disappears dream drown fast fighting girl hand heart holding kind king learn life like living lost love magic movie near new ocean pain post queen scene shade sing sky soul star start time understand world
din din din,ludmilla  mc pupio   mc doguinha,action activate apologize ask assume boyfriend cherry chewing dim face fast favorite flavor fly friend girl girlfriend give gum hand hold indirect introduce jealous kiss know look passing receive shut slap smart tell time wrapped
davide,gemitaiz   coez,ambulance asked babe bag bed biggest bit bullet calm cigarette clock cloud comb come dance dead defeat discipline dream dust emotion end experiment feel floor forget friar hand happy heart home horror hour inside kind knot know law learned life light like living man map marble missile money morning movie night obligation phone pierce remember rest room saw scratch secret shirt skin slap sleep sleepy slow smoke sorry stand stay strophe swallow talk thought time toxic track turn turned understand wait wonder write
familiar,liam payne   j balvin,bass bottle brain calypso cause cool dip familiar great hip inside kind know later life like low man mind model need party pour real roll shake simple taste think vibrato waistline
sommerkroppen,mads hansen,anymore beach beer bleached boat body bother bridge butter camera career chill clinic code completely dead delicious different discount engine enjoy exercising finally fix flood football grill hair healthy hell honey imagine incredibly interval jaw life like liter live look losing new operate orange person practice relax repaired rinse sail sausage sea skin smiling snot soda squat stab started strength summer sun teeth thanks time training transplanted warning work wrinkle yellow yummy
natural,imagine dragons,align away beast beating bit black blood break cast cause cold come consequence cost cutthroat dark deep edge end face facing fading giving glass hand heart heartache heaven hold house hunter inside leave life light line living natural oath past pay peace prey price product save shadow sin stand standing star step stone strong swear taste tell tree truth won world wrong youth
me niego,reik  ozuna   wisin,accept agony answer anymore arrive assimilate away bed blind buries cause circle close come commitment confused corner day departure difficult distracted dream dying eye face feel forget forgot girl give hard heart house hurt intact killing kiss know late left lie life like liquidate live living loneliness longer lose love matter mind need night nightfall open pain picket picture portrait refuse searched silence smell space suffer tell think understand underwear wait wanderer war warmth way world
mi cama,karol g,away bed buy calm changed checkmate costume depression enamel enters erased exploded failed fever flight forgot give grief interesting inventing key life line living longer mathematics memory mind party passed plenty saw sound stayed think thought ticket told train turn vacancy walking wallet worry wrote
ellie,regi   jake reese,away bout care cause close crazy drive face far feel gazing good history lighten like love mind mystery purple sight sky smile sunset thinking way
better now,post malone,aunt bedside believe bigger blow broken brother candle cause chain changed cool day dresser dude end eye foreign forget forward friend gave head knew know life like looking love matter open picture posted pretty promise rest seen shit sock speaking swear think uncle used wonder
je ne parlais pas francais,namika   black m,accent arc attendant black champ charming coffee commencing continue corn cup dark dire draw et falling gen hand house language little lost ma miss moment nice pardon passing pen people plan post pour refrain remains rose ship sorry sound speak stand stop suitcase sun talk talking tell temp think time touch tout understand unfortunately vie ville
casanova,summer cem   bausa,alcohol altar arm away baby benefit big bitch blob booty break bus carry champagne city cocaine coke contract crack dancing date deserves ecstasy exchange face feeling fucking future girl give greet hard heart heroin high housewife hurt know life line look love marriage mom noon photo pissing potential raise rapper ready recognize republic shoot sip snow stay staying student talking taste time tour waiting way
ta mariniere,hoshi,accosts air answer binge boarding boat body cable cat catch cigarette come crazy crew discover dive door dream drift drink earth eat farting fish funny give hacked hand happiness heart hyphen know leaving looking love mirror missed night ocean pass pier poison port pretty prolong ready rowed run sailor sand sea sheet shouting single soul starboard stay stocking surely surfed swim swimsuit threw trap treasure tried waiting water wave wire worse wrecked
one night stand,capital bra,apart ask baby beach blood bring brings bunker buy city clunkers cold come confuses door drive dynamite end excites fall fat feel flow fly free goal hand hear hold hotel joint know lie like loud love man mind nice night outfit paper pretended pumper purple quiet real satisfied sick smile smoke stand standing straight sweater tell think tight walk wash watch wearing world
ya no quiero na,lola indigo,addictive anymore apple babe boy bridge careful come dance danced darkness deceived deck explanation give imagining indigo insist interlude longer look lyric medicine mortal night normal noticing playing provoking queen real sin situation snake stanza tell tried undoing wrong
bodyache,purity ring,ache awake away bled body break cause cried death depth feared feeling head know lake leaf lie lied light like lonely look lying needed pleaded quietest ran said saw shake stand stare sweat tear turn unreeling water
main hoon hero tera,salman khan,ba bin fir hero loon sun
un peu de reve,vitaa   claudio capeo,afraid aftereffect bet bleeding choice control dirty dream dying evil excess exist give gut happiness heart hell know leave lie light like little look looking lose neglect peace prepare pretend puppet raised real repair save scared seek sell shoot soul spread strike succession tell time touch truth wing working world
oui,sivas  node   gilli,accelerator amigo appear bar barred bluffed care caught chaos come coverage dance dancing dangerous deep door family fucking fugue good hard hit jungle lacquer lied like mama man money nice node opened press ram responder rip risk said salsa spacer spend tie time tripping vie
lordly,feder   alex aiono,dark face game heart highest hold kingdom know lie light love place reign run step strong sun tell truth
sandra s rose,drake,act afford alert amber ante ask baby backwards bird blow border born bury busy candy carter casino casket cell change chosen church classic club come comic comma control crib crime crystal darkest deal demon dirty drama dribble early energy family feel fence flower fore form fuck funny girl godly guess gunner hang head hell hit hoe holy hood house hush increase initial inscribed issue jeez key know life light like link living maverick men miss mistake money mortal mother note number opened patch pick price prison pulled rd reach real relief reminder rick rope rose run said satisfy scared scratched sheet shit shoot shop short spirit spoiler stack started steal stone strip subtle sweeter swivel synagogue time title tragic uncle walk whistle wonder work world worm worst young
still,hov ,addition alter ashamed ask away belong bench bit blood bother bout breath broken bubble case cigarette cloud day door dream drove drowning ego evil fallen fast feeling felt fool forget friend gave good hall hand handle hard heal heart hook hope important jacket keg kiss knew lay leave lie light like link live log look lost memory need nowadays packed pain park past paved pleasure pump rain rainbow ray real remember right said saw share shoe skin slowed smoked soft sound staggering strong sunny sunrise tack thinking time town turned used wound young
feel,mahmut orhan   sena sener,air atmosphere bare beautiful bone century child cold fear flown foot hair mind slow smell stay sunrise tone watch wood
in my mind,dynoro   gigi d agostino,dream head love mind share waiting
mad love,sean paul   david guetta,apart baby bad bang beat blaze body booty bout boy cause cheek energy exact eye fat feel finger flopped girl give god good hard hear hot insane jiggle king know lento light like look looking lord love loving mad new night place precise queen rap ready relentless rock sing spot stamen stepping swing tempo time treat walk watch
lost on you,lp,ago baby burning cause cold cut danger day drink ember expectation falling glass hate heaven hold know like long loose lost love machination mind older patience plainer raise remember saner smoke surrender tell tender time toil turn understand
clandestino,shakira   maluma,anxiety arrive asking attitude baby body briefcase clan clandestine closer continue couple crazy dark deny destiny disease door eat entertain escaping falling felt flower flying forbidden forget friend fruit giving hugging illegal increase kill kiss kissing know leave light like longer look love mistake mouth need open pay people problem restaurant rumor sentence shut stole stop suit tell think thought understand
leave a light on,tom walker,abusing alright brave carry cause cigarette come coursing darker distance drug feel friend grace guiding hide hiding hill hold home house know lately leave left light lighthouse like look lose lost mentioned mind mistake need pain phone place refuse robbed safe searching sparking stop tell trouble truth unanswered vein way won wondering
bella ciao,naestro  maitre gims  vitaa  dadju   slimane,armor beg blame bridge broken ciao come continue effort fist forgive gave hard heart ho longer love master price refrain reluctantly return sending sense sentence shouted sing soul waiting wall writing
nice for what,drake,alright angle baby bad band beat bend boy breakdown cable car care club cut dark day die explain finish follow friend gassed girl give hard hate haven high hit hoe hold inside jump know lay life lift like live long loose lover low man mention month nice note overtime paid past phone real reflection roll round said school shit short shorty slow song table talk tense time understand watch won work
praise the lord  da shine ,a ap rocky   skepta,allow babe band bar barrel believe bless block bone braid break car cat chain chart check climbing conquer corner create dance design devil diamond disease dog escape ex expand explore finesse flex focus fresh game girl give glowing hard hat hate heard heart hoe hurting hustle jumping knee know lame law left like line listened loaded lock locked loose lord loss man message muscle new number open pack pant peeped plan pocket pours praise protect rain ran rat refine return rock rocket roll saw shade shine shot smoking snake sold speak squeeze stage steady stepped stock stop text thanks think time trap voice waited way weak window world worry
be alright,dean lewis,alright asked away begin betrayal bit born break cigarette cold color counter deleted draining dumb easy eye face fact feel feeling fine forget friend fucking ground hand head heals hide hurt kissed know like look love mate matter message mind mistake moving past phone pull reach right sad said sent shake start stay steal teary tell time touched tremble voice walk wonder
perfect strangers,jonas blue   jp cooper,away cause change come escape explain feeling forever game helping hold human intellect know like looking need perfect playing realize reason saw secret stay stranger time walk wasting way
2002,anne marie,acting baby bye childhood cover cup dancing day drinking fast feather fell forever forward friend grownup guess hit hold holding hood kissed light like lip love lover lung mustang need old paint picture plastic present problem remember ride sang singing song summer time true wood young
por perro,sebastian yatra  luis figueroa   lary over,babe bass bed believe breaking cell come couple crazy depress devour disguise dog drink drunk enemy failed fame feel forget forgetting friend gave giving glass hard hiding hit ignore impress inside kiss know leave left lie like loneliness lost love miss missing paid pain phone promise punishment reminds rumble searched shit sick sky song sound talk tell think thinking time truth understand weekend
havana,camila cabello   young thug,babe bacon blank bout bump bumper campus close cost damn east feel forever fresh girl graduated heart history jam knew left like lot loved man manner met minute night papa pay point quick range room said summer tell traffic uncle wait waited walk
tuesday,burak yeter   danelie sandoval,bottle club crazy cut deep girl home kill overtime party shit think town weekend
sad ,xxxtentacion,afraid decide know low sad suicide
dusk till dawn,zayn   sia,baby body cause choose cool dawn dusk fall feel fit give hold inside jacket light like love rapid right roll room run shut sin stop sunrise tell touch wave wind window wrong
hello,da ice,anymore away beginning chest clap clumsy come continuation daring deliver distant dream drink example excuse expect eye feel figure follow future girl head heard heart hello hesitating high imagination inside knew life like listen love mind person ready reason run running shut simulated size smile stopping story strong tell think thought time transmitted true unleash voice wait
500 ps,bonez mc   raf camora,autograph best black bridge buy caliber child city cockpit coke come competition country dance darkened day deep directly dog drive driving engraved feel fighting form fuck gas give gloss gt hamburg hear hit hook hp juice life like lip listen lock magazine need optic palaver phantom photo protect pure raven regulating rocky routine sandstorm screen seat settle slice song sound street team think winner
body,loud luxury,babe baby bad body crew dine fun hell hit incidental innocence kiss lean leave like limo long love memo naughty pedal ride said send signal sound wait wrong
love lies,khalid   normani,admit afraid baby bad catch cause come company damn day deny easy eye feel focused good hard hide history independent know lie life lifetime listen love lover mystery need night open overnight ride shit sorry spend sunrise synergy tell trust underneath vibe waste
pour oublier,kendji girac,bag break carry child city clock course dance forget future hay head horizon island job joy kill king little party past piling refrain spend stop suitcase time track turn
nero bali,elodie  michele bravi   cue pequeno,afternoon air anymore away black boredom bring care chemistry class comparison confidence dawn deadline desire different dinner dress excuse false family fault fell fly freedom hear highway home human interest judge know knowing laugh leave life longer love magazine mask mind miss mix mobile music party people personally phone prefer quiet radio reading rude sea sentence speaker spent stomach throw toast travel unconsciousness understand unnecessary vacuum wheat
nera,irama,bar beautiful black blush bolt born bridge burn coffee come complicated compliment dance dissolve dressed elbow end envy especially evening fine hair heart horizon inside know life lightning like little lose love moment moon provoke quick raise refrain remain rolling sand seen served sexier shop shot stone street strop talk time toast usual waste watching wound wrong
medina,jah khalib,away bad belief believed bound clean dawn despite destiny different dirty door dropping effort evil eye far feel flare girl goal hand happy heart help hint law leg lied life lone lost mind new pain peace pendulum pole scattered shaking shine ship shore sky sleep snake solar spindle start stubbornly tell time tormented touched unspoken vice waiting wanderer warm way weather zone
roska silmas,tippa   jvg,air allergy annoying appears bar belong bit bone broken come crazy day deep diminished dirt door dream easily eye fall feeling forever girlfriend handle heavy hike hit hymn lady left like look lovingly lying man meet miss play power prevent right rush scattered scene screaming sent silent sit sleep small sorry sting sun tell tiredness tree village wall weep wood
bella ciao,el profesor,away beautiful bury bye die feel flower good hello invader like morning mountain nice partisan shade
this girl,kungs,buy cause change come dance different fact free girl hand heart hold know little love money paycheck precious present rain real realize shame sky song tenderness tight time true win wrong
hello,adele,anymore apart breaking clearly difference dreaming fell felt foot forgotten free heal healing hear heart hello home hope like matter meet running secret sorry supposed talk tear tell time town tried typical used wondering world younger
no me acuerdo,thalia   natti natasha,arrived attractive beauty belt clock crazy dose drink dynamite face good hand happy hard head horn hurt know knowing like little love night passed perished pretty queen remember right rode said scream stayed tell think time waiting wall
darkside,alan walker  au ra   tomine harket,afraid believe beneath black blind come dark diamond dreaming eye fall fearless feel fool give know leave lie light like live love need night running secret shadow share sky story time truth wait world worth young
faccio quello che voglio,fabio rovazzi,anxiety attracted away bag big bubble budget calm celebrity control cool copy crowd dance disappear dive escape evil exalts expect fashion final forbidden general give happiness hero honesty karma know later leave legality like limit looking minute model mom need new normality odds panda paste place proceeds running sea singing skill song spoiler state stay story strophe summer text usual voice worry wrong
rise,jonas blue  jack   jack,anymore break care change climb dropped fall future give hate hit hold house know language living mom need proud rise said savage speak talking think won
drama,bizzey   boef,away ball balloon bank big bitch block blood blouse blow break busy chick cocky coke come day deal drama exam fan father fine float flowing goon hater head hot hotter ice jeweler know laugh license life like line look maid man men mobile mom need neighborhood new open paper party photo plate play prison prove purple push pushed pussy rap real recognize red right run rust scour shit sleep smart spend stack steel strapped street stress stuck stunt style succeed tease tent touch traitor walk walking watch wife wine
good for you,selena gomez   a ap rocky,baby bad beating bet bout breathing carat cause chick club cuff diamond dress end feel fitness floor fourteen girl give good hair hard heart hit hold image jackpot jealous know leave like look love marquise mess met miniature minute miss news nice pant press proud pull real round sag shit shot signature skin stuff stumble tight time touch town triple trust way wear won worried zipper
let me love you,dj snake   justin bieber,ahead asleep awakening away baby beautiful believe darkest day dream driving edge fall give good heartbreak heaven hell knife know love miracle mirror need ride rude selling smoke used wheel won
something human,muse,absolve alive begin big blew blown break burn changed circuit cleansed come crawling door face fear feel give home hour human imposed know left lie life love loved money need picture replaced road shade shared sin touch unscathed vision wake
bella,wolfine,allowed baby bad beautiful beer believe bottle cause clutch crazy damaging drink drinking drunk easily entangled fell friend head heart hurt kill left like little longer looking love man partner rain record rhythm roof sad spite street thinking told versatility walking woman worse
malamente,rosalia,ahead bad badly blinking breaking bridge broiled broken come coral corridor cross crossing crunched crystallite dream enlighten falling felt girl ground gypsy hand hoop knew landing light little look minute moon night plowed pretty protect rare save shining sidewalk skin stair star street thinking told voice walking waste wobble
love me right  romantic universe ,exo,baby beautiful burst come cosmic earth end excel fascinating feeling firework fly foot galaxy good hesitate higher lady leave light little long looking love milky moment month moon moonlit mystical night party ride right rise road run runway shine sky snow special star start stop sun time track universe water way whisper work
taste,tyga   offset,baggage bitch black car cartridge cash cause chain checked chi city claim company cookie cool copy cream dance depart diamond drip false feed feel fight fishtail fresh fuck game gang gangland girl glazed grape hand hangman hard hit ice icy imitate jolly kick kind life lift like little lot love ma man middleman moccasin money neck new overseas pace pan park parking pimp plate pocket popcorn pretty profit project pronounce rack rain real rich ride ring scream shell shit shotgun shower sit slide slow spark spray stack stick straight style suck talk tan target taste team town walk wallet watch water way worldwide wraith wrong
nevermind,dennis lloyd,alright ask baby fall friend hand hold left lover ready right sense stop tell
calypso,luis fonsi   stefflon don,arrive ask attitude baseline bed bit body boom calypso cause close come confident crazy daddy dance dancing decline eats facing fed fight fun girl give good ground know lie like little living look looking love man mixing mouth night normal painting pull rhythm risk roll rum salt sand scare sea setting sky slow star stay swear tell time ting town wake warms waste way wine wrong
burnitup ,janet jackson   missy elliott,ahead baby banger beat body boom booth brag brand bring bump burn care child come coming crown dance drop feeling girl give good hand high hit hot house hurt instant jam kitty know lately like louder love ma miss mission motion new night place play quick ride right room shut sing son song sound stupid style tell town track turn watching wear won work
on my mind,ellie goulding,bet bout cause cute dangerous deep dirty fear girl good hear heart hotel hurt intended jealous know like liked little love mad mess mind poured said shame started talking tattoo think thinking thought truth understand wait zone
lo malo,aitana ocana   ana guerra,answer anymore ate away bad boy butterfly clear dance decide flower game give hang hear inside life lion listen little longer look lose losing lost mad night pretend pull ready rose rotted serving shot step touch turn turning war won
vaina loca,ozuna   manuel turizo,anymore aura away baby care case close committed continue crazy dance despair disguise dodge easy favorite feel give good hard hide kill know lady like list makeup man matter money music need picket pod pretty promise pull rest rose simple steal think time travel way world worth
fur euch alle,bushido  samra   capital bra,ask attack away bad big bitch black bleed bra broke brother bullet burn burst butt buy capital card cash change cola come dangerous day dealing death drive eat face fall fame family feel field finally food forward frank free friend gold green gun hate haze headline heart hold honor hurt intelligent label leaving liar like line loading look magazine man matted mime mirror money night noticed pay people poisoned police price projectile purple rap rapper remains revolver right room run seller separate shoot sick sleep small son status straight studio stunned style success swear theme ticker ticket tuber visa way week welcome white
fire   reprisal,peking duk,belt burning cash cause claw cold come doorstep drill drinking face flat ground guess hard hill hit hold house hurt key kill kiss know leather leave mind minute right running sent shiny shirt shoe shoot sink start tell thrill tie time walk way wear yellow
tumany,max barskih,advance ask beckons come dial distant drown flowed fog forget friend head heart holding know letter light like lone long love mail missed mist morning phone pocket refrain said slowly soul stay stubborn thought time understand window wound wrong
psycho,post malone   ty dolla  ign,act baby bad band beautiful bitch blow boatload bottle bozo bright chain clown cold come damn dial diamond drop end fifth fit fold friend gave girl give goddamn high hit hold inside jewelry know like lit look mama man matching money neck necklace old overnight promise psycho real rent rodeo roof said saint school seen shit shop short sip slum smoke sore star stuck stuff tell trust ugly weigh window won zone
carousel,travi  scott,aging alright ask band basement bet big bitch black blue boy brand breath carat cash caught cause caved cheese cold come copy day dean demon diamond dosing drive drown face fake feel flash free freight gang growth hit home icy inn know landing lane leaf light like lit live lose minimal mixing mold money moving need new old outgrew paranoid parked parrot place pray reach replacement ride right road round said scrape session silence sky slow smoke snow soak sound specie speed spoke spring stage straight street swing tail talon therapist think thought tote train tuck understand vacation visible vogue water way white wind wing world
omarm me,ronnie flex   boef,awarded baby body bridge dark dear deep delusion distance embrace far feel flex give hand hard hold know lead leave like member mind outstretched past point pure ridicule sea stand standing strike stubbornly sweet thinking thought time
the middle,zedd  maren morris   grey,admission aggressive baby bare broken cabinet close closer come dish floor good intention kitchen know leave lie little looking losing meet mess mind minute need objection pouring pride pull regardless right running sat seat skin stair stay step tap unaware wet
we don t talk anymore,charlie puth   selena gomez,afraid anymore brain cause come door dress easily eye game giving good heard holding hope kind know known like looking love lying overdosed reason right shame talk think tight time used way wearing wonder wrong
live it up,nicky jam  will smith   era istrefi,ambition block cause celebration champion coming correct dream elevating favorite fear fighting flag force gift give goal hay high hit king life light like live love ma mix moment nation number power pride raise reach right road run shine shot son strength sun sweeter team truth victory waiting watching win world
la player  bandolera ,zion   lennox,ask baby body bop burn caught come connects couple dale dance decide decides diamond drink early enjoy expect face forgotten give hang haze hit home house late light lose ma mommy music phone realize record repeat rich round seeing single sleep slow start stay stick stressed tell threat time told turn witness
amor de verdade,mc kekel,body change chest closer come day face far fell forget forgot gaze hang heart home hug indecision kiss know life like living look losing love moon need paradise quit song star talk tell thinking tightened tightness truth
born to be yours,kygo   imagine dragons,blowing born fool given grain ignore knew know lost miracle pours rain sand time wind
changes,xxxtentacion,baby changing damage feel girl hard heart stand understand way
god s plan,drake,bad bed bring brother calm close crasher cuddle die different dog dub eat feel finessed god good hard hold hope imagine know like lot love met miss momma north outlive party peaceful plan pull road shit sorry start story struggle sure tatted tell trouble turn wait way won
jackie chan,tiesto   dzeko  preme   post malone,admit alive babe baby beach bitch bone book bout catch cause come crazy cup dance destiny dinner drank drop eat fast feel finger fool forward free friend fuck give good guess hand heard hood impression kick know lady life like little look ma man money object ordered patience pay plan pussy quick recipe right round rule said sauce school shopping slow sniff south stay tell think ticket town trip wait white world wrong young
fefe, ix ine  nicki minaj   murda beatz,ask beat bend bitch blow body bought bring bunny care case catch caught chat chip chit clap close cocky colorful come copped day dick door dot drip eat face fact fashion fight free friend fuck game gang hair hate head hit ho hoe hopped kick king know lay leave like live money new nice old people posse pretty pussy queen range red right rocky said scum shit shoot shooter shot sit small soaker stopped super talk taste tight toe told tr trace track turn wet wife won wrist young
sydpa,bro,alarming baby beach belt bit bridge charmer choose climb cold contrast dress dripping explore feel finally girl heading heat hot ice kind know like little lot love matter mature mind miss mountain number promise room sand sea seat share sharing short smell source south strawberry talk taste tighten turbulent underwater wave wilder world wrong
1 2 3,sofia reyes  jason derulo   de la ghetto,art babe baby bed bout care cloud comment company count dance dirt ease excuse foot forget freak game ghetto give goddess good hello hurt hush ignorance interesting kiss know lady learn lighter like little lot love manner meet mind nice night play room skirt talk tell tie time transform turn work
ring ring,jax jones,alive baby bad brother cause change closer cold colder come coming count crazy damn dated dial drop faded famous feeling friend fucking hate hear hello home hopping house icicle know late lot ma meet mind money morning night paper pave pick pickup picture purple real right ring said saw seat sleeping stacking story straight talk time told tone trust way wondering wrist
ni la hora,ana guerra   juan magan,anymore ask away baby beach believe best bet catch come coming control day decided dying easy entertained far forgetting give good hello know life live look mirror needed night reflection reminds return singleness style think thinking thought tide time waiting wave way winter
don t matter to me,drake   michael jackson,broke choose closed conversation despite door drinking drug feel fine girl hand heart jeopardize know love manhood matter night real recover reputation right suiting summer tested think trip vice way weak wild yelled
dancing in the moonlight,jubel   neimy,bark big bite bright dancing delight feeling fine loose moon moonlight natural night sight supernatural tight warm
mc lencol e dj travesseiro,luan santana,announce ask binge break carnival catcher changed conqueror couple day deny dollar fuck gave hear homemade left love pillow present retired roll sheet stopped swear wall wheel
positiv,z  e ,add adrenaline anonymous ask bad ball bang barrier beat bitch bluff born break bucket camouflage care career centimeter chased check cinnamon come cope county creative defense dementia diamond dictionary difficult drive enemy famous feeling flat forget forgotten forward fried garage glad glider gold gun guy hand hated hears help hip hop kidding know laugh law lawyer leave left lemon life like little look looking lucky luggage matter men message money mood music negative neighborhood paint pen peter planet positive prefer problem prove pump pussy rapper relative released right rob rose salt seeing servant setting sex shoo shy smoking stake stiff store stupid team therapy thermometer think trust turn v vagina vocabulary wait wake weed welcome wide wrong
apes  t,carters,alcohol amused angle ape bad ball believe bitch body bought bout bowl business chain change check chief claim clip clown come cop coupe crazy crowd damn danger dangerous dealer debt diamond dick different end equal equity expensive fabric fame famous fast favorite field free fuck gang girl give glue gorilla habit hang hater ho hop ice icy inhibition jet jewelry kangaroo king kneel lavish legal lethal like lit live look lord lot man meet missile momma money monkey motorcade need night offset ornament pay people plane pocket pool presidential pull ran reign residential reverse roll said save seen shield shift shit shut smoke spaceship stack stadium stage star style super tell thank thankful think tournament undefeated vitamin watch weed zone zoo
back to me,vanotek   eneli,bad believe bye come different distant dog fall give good harder hurt knee know leave listen lonely mind need night patiently reason refrain said taught tell think wait way won
zoutelande,blof   geike arnaert,beach beautiful boxing braving bubbling cloud cold country crossing drink drown emigrate father glad gloomy good gray hand head house money old parent people place post rescue rickety sober tell tire warm
reggaeton lento  bailemos ,cnco,ago allow approach baby beauty brown club combined come confidant crazy dance dare delay dexterity dream eat fear figure firmness fit god good hand highlighted hit hour hypnotize impossible invited know life like liked lipstick long look looked love minute night raise rich short shy single slow suit time waist waste woman
back to you,selena gomez,beat break build business cause chase close cold conversation convince couple evening feeling fight forward hate head heals heart hiding hold know lie like loose lying moment old playing point regret right running shot single stuck supposed sure talk thought time true unfinished use water won
moriro da re,maneskin,advance awaits baby beautiful beauty clothes comfortable die draw drink easy evening face finger fishnet gray hand hang heel herd king leaving light like love night open pencil people plate prepare ready sail shine sick stand stocking suitcase tired train travel uphill win wipe world
shotgun,george ezra,alligator architecture atmosphere bikini changed clock deep diving dreaming equator feeling fly green hit homegrown hot know lager later like look mountaintop navigate need riding road round sailing sea shotgun south stick sun time underneath unfamiliar used yellow
hotline bling,drake,asked backwards backwoods belong cause cell champagne city dance day exactly feel floor girl glass good hanging home know late left like love nasty need night page passport phone place reputation right road running seen started stay stressed taught touching used wearing wonder wrong zone
with you,juju,baby beat blacked care come compare cousin crazy cute daddy dance drinking drop expect fight folk freaky fun girl girlfriend god grandma hair hit know learn level like look man mirror nappy old party ready right rim running skinny slide son stop style ugly walked
consejo de amor,tini   morat,accept advice arrive arrives asked believe break bullet caught choose end erase escaped fade finally force future happy hard heart hide hour hurt kiss know left life looking lose lost love madman misfortune miss missing prefer pretend promised ruthlessly saved seeing station stole talk thought tie understand wait wake war worse write
i like it,cardi b,baby bad bang banging bank beat believe big billboard bitch blow bobby body bout brain bunny certified chance close closet club coat coin coupe cover curtain deal diamond dipper disco district dollar driver driving drop eating ex fact flexing fur gang halal handsome hard high hookah hop hot hotter jag jeweler jump know lady lam like llama look need nervous new pen pin plaza proving religion rock roof run said shining shit sock sorry soy spend spicy stunting tell text told watch wrong
lit,sbmg   boef,anymore away bad behave beware big bit bitch blame blood bottle boy bring brutal chick click colder come corridor cousin decorate dismissed drive easter eats entrance exam father fine flex give gnome goddamn gray grip head higher hit honey immediately inside joking leg lift like lit logical long lost lot man master men mild money necklace past pay pull rich right row rub run saver shake sheet skate skin slimy slum stand stare stop strict stupid success talk tell toast train used walk water
j mafia,effective radio,blame blue bow butt cause cover face fast feather fit glittery grab help hotel know lick like love magazine mud net new nice pleasure pretty radio right sea sell shake shoe slither star swim thigh tie war wet work wrong yellow
drag me down,one direction,baby best blind boat dark drag easy heart left life light look love man reason river scared seen shell soul stood sun taught
only you,cheat codes   little mix,blue brick broken castle crowded dancing darling fall falling feel fell fix follow following hand hide like line looking lost meet met moon ocean place right river room round sand silhouette sky street sun time watched
get along,kenny chesney,beer bible billboard boat bottle bought break buy dance desert die drink end eye friend give given hand heaven highway hometown key know learn leave left live lonely long love lover man met model mom paint perfect rain road said saw scared shirt sing sky song started stuck sunshine sure wall way wondered
breathe,jax jones   ina wroldsen,break breathe come dialed edge escape eye feel feeling game hard head hooked know late lifeline like look love mind need number obsession quarter sin skin sleep song spell tell touch truth
ramenez la coupe a la maison,vegedream,acceleration assured blue break bridge bring champion comma control cup defender environment foot gait handed home hook know later left leg like loop maestro penalty refrain right serene shoot small strike striker terrain thank time
higher place,dimitri vegas  like mike   ne yo,end erase friend give governed height higher hurt know life limited love past place sell short space stop time unconditional universe world worldly
in my feelings,drake,bad bitch black block boy bring buy card care cause champagne chill choice clap code confirmed deserved drake earned ex feel feeling fuck girl hit jump kill kiss know leave like look love ma miss neck need net new option photo real riding safe shit special spend swear thought trade trap weak work worth wraith
ocean drive,duke dumont,air baby boulevard brought closing cold crossed danced dark devil escaping filled hand hear heart highway hold light line lonely love night pretending quarter reach red riding running silence stop storm tank time way world
youngblood,  seconds of summer,away baby beat believe cause conversation crawling damn day dead die drunk end face game give god goodbye hope know lately life like looking love man need place pulling push remember running stranger surrender time told used walking
12 horas,dilsinho,arrives background bed contact corner covering disappear distrust dressed ear expect face felt foot hair heart home hour irrefutable kissed knowing lay looking love loved low message motel night post proposal radio reason recorded room save serenade sky spend suspicion swore taste touched unawares unfaithful use watching
